4.11131900000000e+01,1.41937910000000e+01,2.91740000000000e+01
1.09081040000000e+01,1.97765620000000e+01,1.11093890000000e+01
1.25530780000000e+01,1.96136720000000e+01,1.29915540000000e+01
4.12312090000000e+01,2.38511470000000e+01,3.99651680000000e+01
3.81647190000000e+01,2.47721330000000e+01,4.65094380000000e+01
3.25391880000000e+01,2.33211860000000e+01,5.40077020000000e+01
4.35881460000000e+01,2.38214340000000e+01,3.96888280000000e+01
3.32923850000000e+01,2.59920600000000e+01,5.96907500000000e+01
2.10936580000000e+01,1.45765220000000e+01,2.04760190000000e+01
3.48105740000000e+01,2.19255430000000e+01,5.28348660000000e+01
3.35460700000000e+01,2.26229740000000e+01,4.65817340000000e+01
1.34796910000000e+01,1.78884870000000e+01,1.18600310000000e+01
2.61886200000000e+01,1.35379010000000e+01,2.59840260000000e+01
3.52704160000000e+01,2.58128110000000e+01,5.13707240000000e+01
3.38246120000000e+01,1.47018880000000e+01,3.20651860000000e+01
4.17599180000000e+01,2.03620720000000e+01,3.79284210000000e+01
3.43917050000000e+01,1.22287280000000e+01,3.01608850000000e+01
3.46428450000000e+01,2.24383450000000e+01,5.31302340000000e+01
4.62032010000000e+01,1.52831250000000e+01,3.18466950000000e+01
3.99325370000000e+01,1.34809170000000e+01,2.94269310000000e+01
3.39831660000000e+01,2.43035390000000e+01,5.44308240000000e+01
3.48396490000000e+01,2.48073330000000e+01,5.59765970000000e+01
2.32371160000000e+01,1.49441280000000e+01,2.84941600000000e+01
2.97395400000000e+01,2.52738320000000e+01,6.07477260000000e+01
1.31441540000000e+01,1.92047790000000e+01,1.22435350000000e+01
2.62369960000000e+01,2.73217470000000e+01,6.05380740000000e+01
3.38837970000000e+01,2.47352010000000e+01,5.57252500000000e+01
3.39865990000000e+01,1.46695470000000e+01,2.86796700000000e+01
4.44018590000000e+01,1.76612340000000e+01,3.40293050000000e+01
3.42624510000000e+01,2.27542840000000e+01,5.47217030000000e+01
1.72347970000000e+01,1.37790320000000e+01,2.53727380000000e+01
3.91197090000000e+01,2.60531370000000e+01,4.28127860000000e+01
3.28398740000000e+01,2.16699540000000e+01,5.27083590000000e+01
3.07453540000000e+01,2.62100090000000e+01,6.10235820000000e+01
2.71596010000000e+01,1.43026940000000e+01,3.05432660000000e+01
3.70136030000000e+01,1.29798750000000e+01,2.89437080000000e+01
3.34132120000000e+01,2.53931010000000e+01,5.89881060000000e+01
3.23263470000000e+01,2.25848920000000e+01,5.44786030000000e+01
4.50711060000000e+01,1.48535730000000e+01,3.37765160000000e+01
1.84530560000000e+01,1.61542340000000e+01,1.74509330000000e+01
2.41567970000000e+01,1.09731580000000e+01,2.90037770000000e+01
4.28419760000000e+01,1.67819350000000e+01,3.42991070000000e+01
4.29405520000000e+01,1.97512720000000e+01,3.20144620000000e+01
2.27051890000000e+01,1.37329020000000e+01,2.86935730000000e+01
4.52786030000000e+01,1.84567510000000e+01,3.16105770000000e+01
2.25978410000000e+01,1.47093190000000e+01,2.36334720000000e+01
3.71650280000000e+01,2.78310360000000e+01,4.71521220000000e+01
3.29890520000000e+01,2.14863070000000e+01,5.40337030000000e+01
2.92643990000000e+01,1.05830020000000e+01,3.02984850000000e+01
4.71737370000000e+01,1.79363960000000e+01,3.14021220000000e+01
1.57370850000000e+01,1.63021320000000e+01,1.51882770000000e+01
1.53346980000000e+01,1.53943230000000e+01,1.43659320000000e+01
1.46362170000000e+01,1.58829550000000e+01,1.39066510000000e+01
2.69423960000000e+01,2.71698890000000e+01,6.10065460000000e+01
3.56050640000000e+01,2.47677920000000e+01,5.00996170000000e+01
4.01094090000000e+01,2.30224570000000e+01,3.93901290000000e+01
3.34209290000000e+01,2.66717800000000e+01,5.91238860000000e+01
1.12960780000000e+01,1.94371050000000e+01,1.20173440000000e+01
3.67179790000000e+01,1.35925250000000e+01,2.90980530000000e+01
3.95513150000000e+01,2.61454160000000e+01,4.21296460000000e+01
1.64602170000000e+01,2.08436720000000e+01,1.60026320000000e+01
2.47936360000000e+01,2.74926380000000e+01,6.15847930000000e+01
1.30004810000000e+01,1.54736160000000e+01,9.74309300000000e+00
2.57028730000000e+01,2.75778220000000e+01,6.37670140000000e+01
1.18537220000000e+01,1.77894460000000e+01,1.16271560000000e+01
1.47185460000000e+01,1.99854870000000e+01,1.67069990000000e+01
3.36223370000000e+01,2.64260770000000e+01,5.85651780000000e+01
2.15295350000000e+01,1.46294140000000e+01,1.98988300000000e+01
4.43583680000000e+01,1.71678050000000e+01,3.02485390000000e+01
3.93600770000000e+01,2.27086220000000e+01,4.20068090000000e+01
3.31202470000000e+01,2.52316420000000e+01,5.56061060000000e+01
4.06751630000000e+01,2.55081690000000e+01,4.25816150000000e+01
2.03027080000000e+01,1.59927000000000e+01,2.24087910000000e+01
3.67196010000000e+01,1.31147990000000e+01,3.04061200000000e+01
1.89335480000000e+01,1.37648730000000e+01,2.58975730000000e+01
4.38138850000000e+01,2.00210880000000e+01,3.85813480000000e+01
1.19123150000000e+01,1.75613100000000e+01,1.37857870000000e+01
1.52043720000000e+01,1.48114480000000e+01,1.24962400000000e+01
4.31009370000000e+01,2.23133580000000e+01,4.00819470000000e+01
3.43966830000000e+01,1.18173150000000e+01,3.08400080000000e+01
3.56600420000000e+01,2.71104580000000e+01,4.66741520000000e+01
4.26857030000000e+01,1.79362140000000e+01,3.14570010000000e+01
4.18092460000000e+01,1.85442830000000e+01,3.09286250000000e+01
3.58592220000000e+01,1.63224560000000e+01,2.86131880000000e+01
3.52415050000000e+01,1.49702790000000e+01,2.87982770000000e+01
3.36933360000000e+01,2.30943950000000e+01,5.02580300000000e+01
3.09832340000000e+01,2.55959870000000e+01,5.75351410000000e+01
3.58348810000000e+01,2.34530390000000e+01,5.45677950000000e+01
3.49916530000000e+01,1.29586910000000e+01,2.95050050000000e+01
3.35373190000000e+01,2.22705000000000e+01,5.32492600000000e+01
4.46589360000000e+01,1.86996040000000e+01,3.49958150000000e+01
1.45708810000000e+01,2.00497880000000e+01,1.30027100000000e+01
2.63528160000000e+01,2.87625100000000e+01,6.37658770000000e+01
2.76464710000000e+01,1.18864360000000e+01,3.19514220000000e+01
1.88056390000000e+01,1.78749070000000e+01,1.79985680000000e+01
3.81130290000000e+01,2.56012020000000e+01,4.96584550000000e+01
1.44612010000000e+01,1.55770850000000e+01,1.13470040000000e+01
4.33503040000000e+01,2.05106910000000e+01,3.70914960000000e+01
3.92090260000000e+01,1.29012190000000e+01,3.03408050000000e+01
3.30703090000000e+01,1.35203290000000e+01,3.13728640000000e+01
1.63064610000000e+01,1.68038040000000e+01,2.00886150000000e+01
2.26504290000000e+01,1.45189670000000e+01,2.53120500000000e+01
2.24198550000000e+01,1.55132290000000e+01,2.33529210000000e+01
2.03783050000000e+01,1.62743740000000e+01,2.33552700000000e+01
4.39942780000000e+01,1.46192070000000e+01,3.35199010000000e+01
2.43196180000000e+01,1.42077340000000e+01,2.39736630000000e+01
4.36056590000000e+01,2.27981970000000e+01,3.94872630000000e+01
2.87318920000000e+01,2.73560160000000e+01,6.24759220000000e+01
4.25202560000000e+01,1.88358020000000e+01,3.57106290000000e+01
2.35187360000000e+01,2.44845710000000e+01,6.10390090000000e+01
1.51352900000000e+01,2.06633420000000e+01,1.48570950000000e+01
4.05047650000000e+01,2.28220010000000e+01,3.82704810000000e+01
4.54623410000000e+01,1.66327500000000e+01,3.26090200000000e+01
3.53477330000000e+01,1.37739020000000e+01,3.10713750000000e+01
3.41401520000000e+01,2.55360360000000e+01,4.75852280000000e+01
3.26895830000000e+01,2.55184500000000e+01,6.04029880000000e+01
2.48476140000000e+01,2.69762740000000e+01,6.24589160000000e+01
1.54763410000000e+01,1.76571600000000e+01,1.72274490000000e+01
1.59568180000000e+01,1.94817750000000e+01,1.31312530000000e+01
2.96350440000000e+01,1.23191830000000e+01,2.85687690000000e+01
3.08737720000000e+01,1.35482350000000e+01,3.04392220000000e+01
2.69020730000000e+01,1.17945310000000e+01,3.01780510000000e+01
2.17531990000000e+01,1.63329680000000e+01,2.21901050000000e+01
2.41833190000000e+01,1.56955170000000e+01,2.60758950000000e+01
2.14212380000000e+01,1.30814510000000e+01,2.50710090000000e+01
4.15831990000000e+01,2.07455790000000e+01,3.96117860000000e+01
4.34183880000000e+01,2.09511640000000e+01,3.60557900000000e+01
1.45584160000000e+01,1.46156270000000e+01,1.22211280000000e+01
4.03243600000000e+01,2.41324500000000e+01,4.49659580000000e+01
2.21228850000000e+01,1.52910200000000e+01,2.27559340000000e+01
2.51818200000000e+01,1.25392550000000e+01,2.63814110000000e+01
1.89746800000000e+01,1.92411590000000e+01,1.82827420000000e+01
4.08472250000000e+01,1.75624850000000e+01,3.11676120000000e+01
3.55304450000000e+01,2.32178040000000e+01,5.14220280000000e+01
4.07690930000000e+01,2.50421350000000e+01,4.42667240000000e+01
3.82472380000000e+01,2.41867870000000e+01,4.21333690000000e+01
4.15173840000000e+01,2.61985720000000e+01,4.39073870000000e+01
4.29175870000000e+01,1.72682700000000e+01,3.37743070000000e+01
2.50558870000000e+01,1.15198210000000e+01,3.06240560000000e+01
2.09606490000000e+01,1.35332750000000e+01,2.39539620000000e+01
2.50454350000000e+01,2.49851650000000e+01,6.23993840000000e+01
2.65899700000000e+01,1.31450130000000e+01,3.17527140000000e+01
4.51422690000000e+01,1.83032000000000e+01,3.68286930000000e+01
2.71258390000000e+01,2.78495500000000e+01,6.00347400000000e+01
3.99440570000000e+01,2.37452680000000e+01,3.90557940000000e+01
4.43701130000000e+01,2.08808420000000e+01,3.81882590000000e+01
4.26297570000000e+01,2.02680910000000e+01,3.84834400000000e+01
2.65622020000000e+01,2.56173520000000e+01,5.88790740000000e+01
1.46669350000000e+01,1.58496720000000e+01,1.06497960000000e+01
2.30484870000000e+01,1.24730970000000e+01,2.64635910000000e+01
3.08260560000000e+01,2.36100290000000e+01,5.27772980000000e+01
4.29529880000000e+01,1.57776880000000e+01,3.20640070000000e+01
2.35356830000000e+01,1.49175760000000e+01,2.44763600000000e+01
2.77461400000000e+01,2.71680790000000e+01,6.11506040000000e+01
4.22877270000000e+01,1.86312200000000e+01,3.19526710000000e+01
2.94730780000000e+01,1.36123290000000e+01,3.18133870000000e+01
2.13097930000000e+01,1.31932780000000e+01,2.44097440000000e+01
1.75887680000000e+01,1.69118290000000e+01,1.54405360000000e+01
3.32565800000000e+01,2.37882840000000e+01,4.85294650000000e+01
3.71235770000000e+01,2.38369410000000e+01,4.66356350000000e+01
3.19511760000000e+01,1.46384570000000e+01,2.93206480000000e+01
1.81607490000000e+01,1.57586560000000e+01,1.91587330000000e+01
4.18889390000000e+01,1.56052800000000e+01,3.36250950000000e+01
3.02790640000000e+01,1.09720740000000e+01,3.12663540000000e+01
3.83627550000000e+01,2.42164990000000e+01,4.36676410000000e+01
4.62304420000000e+01,1.63276460000000e+01,3.36899600000000e+01
2.45182590000000e+01,2.17353460000000e+01,5.94026790000000e+01
3.70391690000000e+01,2.42445580000000e+01,4.39727100000000e+01
3.47568590000000e+01,1.52191200000000e+01,2.79965740000000e+01
2.79455180000000e+01,2.34715880000000e+01,5.87663650000000e+01
4.61205860000000e+01,1.60491220000000e+01,3.14502580000000e+01
3.34066350000000e+01,1.30154280000000e+01,2.87559190000000e+01
3.48569910000000e+01,2.55044650000000e+01,5.60670850000000e+01
1.97951760000000e+01,1.35158870000000e+01,2.48323100000000e+01
3.33387180000000e+01,2.61490000000000e+01,5.42571030000000e+01
1.66936550000000e+01,1.93863470000000e+01,1.78514560000000e+01
3.49187010000000e+01,2.44417920000000e+01,5.65594750000000e+01
4.20435980000000e+01,2.19876480000000e+01,3.99203410000000e+01
2.08839720000000e+01,1.59813760000000e+01,2.39579050000000e+01
4.31623990000000e+01,1.87711320000000e+01,3.67547110000000e+01
1.76968690000000e+01,1.37278840000000e+01,2.44349520000000e+01
4.16692850000000e+01,1.52196410000000e+01,3.12133030000000e+01
3.48717000000000e+01,2.29078540000000e+01,4.96306760000000e+01
3.40586400000000e+01,1.61144310000000e+01,3.08890300000000e+01
1.25354600000000e+01,1.83457620000000e+01,1.47390420000000e+01
4.38766440000000e+01,1.69467140000000e+01,2.90266040000000e+01
1.91220250000000e+01,1.44667290000000e+01,2.64532050000000e+01
4.09546660000000e+01,1.77453040000000e+01,2.89707320000000e+01
4.49623180000000e+01,1.92942160000000e+01,3.85063780000000e+01
3.83790740000000e+01,1.64298740000000e+01,3.01135810000000e+01
3.51622890000000e+01,2.26201630000000e+01,5.59873280000000e+01
2.73865010000000e+01,2.22876910000000e+01,6.05445560000000e+01
4.23997610000000e+01,1.94678520000000e+01,2.99653130000000e+01
4.44928700000000e+01,1.60216580000000e+01,3.29144520000000e+01
3.08367160000000e+01,2.79709130000000e+01,6.05606230000000e+01
1.68016640000000e+01,2.01306170000000e+01,1.75721660000000e+01
3.78402140000000e+01,2.60493930000000e+01,4.80919110000000e+01
3.36612430000000e+01,1.25053640000000e+01,2.73869570000000e+01
4.36190380000000e+01,1.88053590000000e+01,3.24522970000000e+01
4.17402000000000e+01,1.70393490000000e+01,3.14732800000000e+01
1.69942090000000e+01,1.60707630000000e+01,2.38227840000000e+01
2.78632340000000e+01,1.18255730000000e+01,2.88431970000000e+01
2.52052900000000e+01,2.62168250000000e+01,5.91714780000000e+01
3.54101640000000e+01,1.51536620000000e+01,3.04816990000000e+01
1.22564850000000e+01,1.72995700000000e+01,1.19082110000000e+01
2.21448000000000e+01,2.40759370000000e+01,6.04960590000000e+01
3.36170620000000e+01,2.46843950000000e+01,4.91063230000000e+01
3.17098870000000e+01,2.53817790000000e+01,5.77801900000000e+01
1.70072650000000e+01,1.87446210000000e+01,1.83357300000000e+01
2.31325000000000e+01,1.37564340000000e+01,2.98243060000000e+01
4.10084840000000e+01,2.49457230000000e+01,4.05966530000000e+01
2.40625950000000e+01,1.22155910000000e+01,2.51863040000000e+01
2.56048110000000e+01,2.52313390000000e+01,5.88991700000000e+01
1.68656650000000e+01,1.94491540000000e+01,1.66428590000000e+01
3.24891050000000e+01,1.44196830000000e+01,3.03888030000000e+01
4.24752350000000e+01,2.00094970000000e+01,3.93755720000000e+01
3.37819180000000e+01,2.43300270000000e+01,4.74036480000000e+01
2.95687430000000e+01,2.85158290000000e+01,6.03459930000000e+01
2.29948810000000e+01,1.51826730000000e+01,2.22187420000000e+01
3.58921170000000e+01,2.56734500000000e+01,4.95954320000000e+01
2.70320850000000e+01,1.01113750000000e+01,3.05268190000000e+01
1.57019000000000e+01,2.00558760000000e+01,1.53333610000000e+01
2.25789700000000e+01,1.40931400000000e+01,2.33684900000000e+01
1.20568770000000e+01,1.56547040000000e+01,1.40903730000000e+01
2.72701550000000e+01,1.24609230000000e+01,2.74741380000000e+01
3.53653830000000e+01,2.62883320000000e+01,5.12957730000000e+01
3.11909100000000e+01,1.41886530000000e+01,3.16635420000000e+01
3.64718970000000e+01,2.71934070000000e+01,4.74484480000000e+01
1.49195580000000e+01,1.84618320000000e+01,1.30968320000000e+01
4.16486170000000e+01,1.80468620000000e+01,3.50102460000000e+01
1.27654590000000e+01,1.88441810000000e+01,9.98751500000000e+00
3.45166210000000e+01,2.23837590000000e+01,4.65761070000000e+01
2.04708980000000e+01,1.64202820000000e+01,2.04277970000000e+01
4.35466800000000e+01,2.21825920000000e+01,3.89318660000000e+01
4.36092530000000e+01,1.61471650000000e+01,3.16468730000000e+01
4.57967950000000e+01,1.93244570000000e+01,3.62221530000000e+01
4.07096440000000e+01,1.63727590000000e+01,2.88937030000000e+01
2.50512920000000e+01,1.37658170000000e+01,2.73897360000000e+01
4.66578980000000e+01,1.78681740000000e+01,3.10731890000000e+01
3.22283940000000e+01,2.64256440000000e+01,5.62598650000000e+01
2.92400280000000e+01,2.68269210000000e+01,5.91191940000000e+01
3.04543800000000e+01,1.31053910000000e+01,3.01054120000000e+01
3.77509190000000e+01,1.36451130000000e+01,2.91392290000000e+01
3.57917370000000e+01,2.58647290000000e+01,5.08965070000000e+01
4.53770410000000e+01,1.86624150000000e+01,3.24912640000000e+01
1.82863180000000e+01,1.63464950000000e+01,2.27745720000000e+01
1.66878640000000e+01,1.82183930000000e+01,1.81902940000000e+01
2.72339550000000e+01,2.21418480000000e+01,6.17121890000000e+01
3.11376020000000e+01,1.35695580000000e+01,2.94275050000000e+01
3.13625390000000e+01,2.28349340000000e+01,5.17342720000000e+01
1.28204500000000e+01,1.60589100000000e+01,1.33023720000000e+01
2.31738300000000e+01,1.36710660000000e+01,2.14822770000000e+01
3.37705610000000e+01,2.49447980000000e+01,5.49832460000000e+01
3.16571640000000e+01,2.48527450000000e+01,5.63427700000000e+01
3.38146400000000e+01,1.12837780000000e+01,3.13080640000000e+01
3.54106670000000e+01,2.39258590000000e+01,4.74053650000000e+01
3.72077560000000e+01,1.62846240000000e+01,2.90664580000000e+01
2.00018600000000e+01,1.53870100000000e+01,2.14478930000000e+01
1.50558470000000e+01,1.76695440000000e+01,2.01499160000000e+01
2.60585960000000e+01,1.12443320000000e+01,2.66050000000000e+01
4.31491050000000e+01,2.02043500000000e+01,3.78168790000000e+01
3.42848430000000e+01,2.54557080000000e+01,5.92730410000000e+01
1.89422170000000e+01,1.58366770000000e+01,2.55235290000000e+01
3.30003780000000e+01,2.44603290000000e+01,5.70158080000000e+01
3.58907620000000e+01,2.53870740000000e+01,5.35811610000000e+01
3.84981040000000e+01,2.32483940000000e+01,4.20451240000000e+01
1.47875860000000e+01,2.01355290000000e+01,1.40516930000000e+01
4.21692960000000e+01,2.22585830000000e+01,4.23069610000000e+01
1.64834650000000e+01,1.98211190000000e+01,1.65908280000000e+01
4.19744420000000e+01,1.51771050000000e+01,2.90921330000000e+01
3.88468930000000e+01,1.37064590000000e+01,3.06514450000000e+01
3.77465900000000e+01,1.64730190000000e+01,2.80373150000000e+01
3.99401660000000e+01,2.17304420000000e+01,4.11854210000000e+01
2.97376500000000e+01,2.80556180000000e+01,6.12328260000000e+01
1.81103500000000e+01,1.63164900000000e+01,1.64113600000000e+01
1.55679800000000e+01,1.80698590000000e+01,1.29879940000000e+01
1.74500220000000e+01,1.57789380000000e+01,2.23697610000000e+01
2.85765360000000e+01,2.59859640000000e+01,6.10156780000000e+01
1.33050190000000e+01,1.91176240000000e+01,1.55691340000000e+01
4.16895290000000e+01,2.31132160000000e+01,3.78581580000000e+01
1.19240990000000e+01,1.70832350000000e+01,1.04677480000000e+01
3.28439370000000e+01,1.52468800000000e+01,3.02685220000000e+01
3.10431000000000e+01,2.76053620000000e+01,5.96388050000000e+01
3.63387600000000e+01,2.41592770000000e+01,4.86786080000000e+01
3.52328450000000e+01,2.26821540000000e+01,4.54154890000000e+01
2.68075310000000e+01,1.10747890000000e+01,3.07447090000000e+01
4.12105710000000e+01,2.16965030000000e+01,3.82046200000000e+01
3.03273790000000e+01,1.17566400000000e+01,3.06894890000000e+01
2.74278550000000e+01,1.34315530000000e+01,2.95580650000000e+01
1.61716080000000e+01,2.01174240000000e+01,1.62537840000000e+01
2.08683410000000e+01,1.39275580000000e+01,2.25235290000000e+01
1.41023980000000e+01,1.70893380000000e+01,1.56548550000000e+01
4.03356170000000e+01,2.24911650000000e+01,4.07106290000000e+01
2.12212750000000e+01,1.68620870000000e+01,2.16015820000000e+01
2.45491370000000e+01,1.29328960000000e+01,2.46440220000000e+01
2.16546120000000e+01,1.48755710000000e+01,2.64179460000000e+01
1.54749180000000e+01,2.03409390000000e+01,1.82122100000000e+01
2.37222630000000e+01,2.46069430000000e+01,6.18507160000000e+01
1.91747300000000e+01,1.63260190000000e+01,1.78690010000000e+01
2.27033790000000e+01,1.27600700000000e+01,2.94506590000000e+01
1.39608000000000e+01,1.71103130000000e+01,1.24478130000000e+01
3.28515240000000e+01,1.13587270000000e+01,2.86384740000000e+01
2.03147580000000e+01,1.46749360000000e+01,1.97767830000000e+01
2.67950080000000e+01,2.38075160000000e+01,6.22214010000000e+01
4.20016170000000e+01,1.97275100000000e+01,3.05396840000000e+01
1.82987820000000e+01,1.43598090000000e+01,2.12838650000000e+01
3.77692340000000e+01,1.44000940000000e+01,2.81375200000000e+01
3.44358710000000e+01,1.07616750000000e+01,2.96391330000000e+01
1.82745650000000e+01,1.36863290000000e+01,2.51193030000000e+01
3.91395870000000e+01,1.67487470000000e+01,2.91091040000000e+01
4.43535420000000e+01,2.40429500000000e+01,3.99833030000000e+01
2.44128990000000e+01,2.61959360000000e+01,6.07186130000000e+01
3.47824970000000e+01,2.60821230000000e+01,4.86471100000000e+01
4.41998290000000e+01,2.12338520000000e+01,3.75719490000000e+01
3.42097210000000e+01,2.57055820000000e+01,4.83816530000000e+01
4.01119920000000e+01,1.44460740000000e+01,2.87541770000000e+01
2.52542970000000e+01,2.38698390000000e+01,5.90826260000000e+01
1.01315570000000e+01,1.61256810000000e+01,1.22523280000000e+01
1.71078090000000e+01,1.58082270000000e+01,1.83989120000000e+01
3.70956650000000e+01,2.70263390000000e+01,4.58797870000000e+01
4.13971250000000e+01,2.45545270000000e+01,4.12468870000000e+01
2.68210830000000e+01,2.64329870000000e+01,6.16838530000000e+01
1.77338490000000e+01,1.31487010000000e+01,2.03699440000000e+01
4.40652960000000e+01,1.84385380000000e+01,3.34525570000000e+01
2.38965090000000e+01,1.17593330000000e+01,2.79682960000000e+01
4.48695410000000e+01,1.70398640000000e+01,3.10310020000000e+01
3.34189680000000e+01,1.23034110000000e+01,2.89682100000000e+01
4.27586780000000e+01,2.25072980000000e+01,4.18700830000000e+01
3.06562940000000e+01,1.19149280000000e+01,2.92908990000000e+01
3.43012240000000e+01,2.35588420000000e+01,5.00394440000000e+01
1.51859020000000e+01,1.84818040000000e+01,1.23828680000000e+01
2.44434360000000e+01,2.35816610000000e+01,5.88822020000000e+01
2.55827310000000e+01,2.37625030000000e+01,6.18349760000000e+01
2.89275930000000e+01,2.80995240000000e+01,5.87571140000000e+01
2.15266480000000e+01,1.60480560000000e+01,2.13157710000000e+01
3.20460780000000e+01,2.38376350000000e+01,5.20570760000000e+01
4.51791340000000e+01,1.69793170000000e+01,3.52033880000000e+01
1.46283340000000e+01,2.06158470000000e+01,1.59644780000000e+01
4.25127640000000e+01,1.89752200000000e+01,3.92886200000000e+01
1.91816980000000e+01,1.40958430000000e+01,2.19766310000000e+01
1.95656300000000e+01,1.69025380000000e+01,2.21959650000000e+01
1.65213280000000e+01,1.48837460000000e+01,2.35381680000000e+01
1.14721640000000e+01,1.87483020000000e+01,1.03794570000000e+01
3.20916020000000e+01,2.40478060000000e+01,5.38041310000000e+01
2.88879890000000e+01,1.04814970000000e+01,2.91510180000000e+01
2.26144070000000e+01,1.46561020000000e+01,2.44945200000000e+01
3.55014760000000e+01,2.46780340000000e+01,5.52918170000000e+01
3.86140790000000e+01,1.58575920000000e+01,2.91800920000000e+01
3.60583920000000e+01,2.50228710000000e+01,4.66484600000000e+01
3.07193530000000e+01,1.05615840000000e+01,3.04485380000000e+01
1.20993710000000e+01,1.55449740000000e+01,9.33336400000000e+00
4.29399800000000e+01,1.71731950000000e+01,3.07104700000000e+01
3.14246440000000e+01,1.30537770000000e+01,3.20332680000000e+01
1.60494170000000e+01,1.72660660000000e+01,1.96386070000000e+01
2.05608880000000e+01,1.40614730000000e+01,2.59500560000000e+01
4.06129190000000e+01,2.23216090000000e+01,3.90993390000000e+01
2.60071600000000e+01,2.33046820000000e+01,5.90997310000000e+01
2.77554910000000e+01,1.11604630000000e+01,2.86943510000000e+01
3.85614010000000e+01,2.32523140000000e+01,4.49822350000000e+01
2.67807620000000e+01,2.31164670000000e+01,6.07367060000000e+01
1.62974830000000e+01,1.88090080000000e+01,1.91984160000000e+01
3.24211080000000e+01,2.37642290000000e+01,5.04894180000000e+01
3.65591350000000e+01,2.60788290000000e+01,4.95518880000000e+01
3.64293710000000e+01,2.39913120000000e+01,5.21993290000000e+01
1.91148930000000e+01,1.45134340000000e+01,2.28309900000000e+01
1.61081580000000e+01,1.68537670000000e+01,1.57376250000000e+01
2.12288930000000e+01,1.54620840000000e+01,1.90556620000000e+01
1.62308100000000e+01,1.73003140000000e+01,1.83520410000000e+01
1.78860020000000e+01,1.70457150000000e+01,1.63106400000000e+01
4.56106340000000e+01,1.73397050000000e+01,3.45510860000000e+01
4.08140030000000e+01,2.59666420000000e+01,4.34451710000000e+01
4.20706020000000e+01,2.50755410000000e+01,4.30988120000000e+01
3.86417580000000e+01,1.38032730000000e+01,2.82875840000000e+01
3.26761130000000e+01,2.70710810000000e+01,5.84983830000000e+01
3.97910310000000e+01,2.27649650000000e+01,4.04149740000000e+01
3.33147240000000e+01,2.19975170000000e+01,5.09632950000000e+01
3.50861360000000e+01,2.59931180000000e+01,4.95273210000000e+01
3.44045260000000e+01,2.53229890000000e+01,5.05860520000000e+01
3.62831880000000e+01,2.32255900000000e+01,4.37379230000000e+01
1.98580610000000e+01,1.24462940000000e+01,2.48066620000000e+01
1.29996680000000e+01,1.73872170000000e+01,1.19776250000000e+01
3.26033400000000e+01,2.81071990000000e+01,6.04803240000000e+01
1.43996070000000e+01,1.95773350000000e+01,1.51821450000000e+01
3.95751840000000e+01,2.38870120000000e+01,4.43802030000000e+01
4.51815150000000e+01,1.59001460000000e+01,3.45522350000000e+01
1.32837660000000e+01,1.54342770000000e+01,1.15741070000000e+01
4.02631720000000e+01,2.32089940000000e+01,4.33847390000000e+01
4.15842860000000e+01,2.54675790000000e+01,4.07350120000000e+01
2.09913290000000e+01,1.30880970000000e+01,2.69470290000000e+01
2.17543320000000e+01,1.37986370000000e+01,2.69811950000000e+01
1.54828240000000e+01,1.88322890000000e+01,1.92882180000000e+01
3.46686900000000e+01,2.61514640000000e+01,5.94415970000000e+01
3.48184660000000e+01,1.65387950000000e+01,3.09104580000000e+01
2.31781830000000e+01,1.21002860000000e+01,2.81440940000000e+01
4.06497610000000e+01,2.21137030000000e+01,3.98522150000000e+01
4.35596580000000e+01,2.05512160000000e+01,3.41311000000000e+01
1.39299240000000e+01,1.49378500000000e+01,1.18441910000000e+01
3.99025310000000e+01,1.73641780000000e+01,3.06134780000000e+01
4.25548320000000e+01,1.47562360000000e+01,2.86345010000000e+01
2.21509440000000e+01,1.21017460000000e+01,2.32120880000000e+01
3.75770870000000e+01,1.61929170000000e+01,3.03677120000000e+01
1.09428580000000e+01,1.51360130000000e+01,9.97194200000000e+00
4.43369750000000e+01,1.94511780000000e+01,3.76046490000000e+01
2.40424230000000e+01,2.41774430000000e+01,6.12604830000000e+01
2.02459410000000e+01,1.57693860000000e+01,2.51807820000000e+01
3.19214860000000e+01,2.14022410000000e+01,5.44970660000000e+01
1.38476260000000e+01,1.74935250000000e+01,1.65320800000000e+01
1.50449580000000e+01,1.75609070000000e+01,1.20722140000000e+01
1.44908080000000e+01,1.83228150000000e+01,1.76107430000000e+01
3.74169120000000e+01,2.56732540000000e+01,4.66414490000000e+01
3.33772280000000e+01,2.27653620000000e+01,5.61502950000000e+01
2.28931600000000e+01,1.31531520000000e+01,2.46608160000000e+01
4.24165610000000e+01,1.68480720000000e+01,2.89643590000000e+01
3.10115070000000e+01,2.73684250000000e+01,5.77344060000000e+01
4.09378090000000e+01,2.10010190000000e+01,3.60417440000000e+01
1.34334490000000e+01,1.99703830000000e+01,1.43520870000000e+01
3.51483650000000e+01,2.53995210000000e+01,5.64374810000000e+01
3.85422630000000e+01,2.66516210000000e+01,4.50604930000000e+01
4.44962080000000e+01,2.14282650000000e+01,3.84258190000000e+01
3.44593160000000e+01,1.64010560000000e+01,3.02146590000000e+01
2.78728680000000e+01,2.78490240000000e+01,6.18082660000000e+01
3.25542370000000e+01,2.43800390000000e+01,5.56100730000000e+01
2.84080260000000e+01,2.89899350000000e+01,6.08967170000000e+01
3.42096900000000e+01,2.37863790000000e+01,4.53023720000000e+01
3.36337850000000e+01,2.41208290000000e+01,5.83347470000000e+01
3.79626050000000e+01,2.56101910000000e+01,4.62651140000000e+01
1.90432450000000e+01,1.59818490000000e+01,1.87978210000000e+01
3.26972010000000e+01,2.53107780000000e+01,5.92631260000000e+01
3.25955280000000e+01,2.30442280000000e+01,4.87961040000000e+01
2.29401340000000e+01,2.47737750000000e+01,6.02659610000000e+01
4.50292740000000e+01,1.71629240000000e+01,3.38711050000000e+01
2.53788340000000e+01,1.08620950000000e+01,2.83063790000000e+01
2.82455750000000e+01,2.95879500000000e+01,6.13379940000000e+01
3.55337750000000e+01,1.70396770000000e+01,2.98245450000000e+01
2.46143630000000e+01,2.40196720000000e+01,6.27914430000000e+01
2.68654730000000e+01,2.73551120000000e+01,5.96533360000000e+01
4.01031880000000e+01,2.50681720000000e+01,4.49031640000000e+01
4.29635930000000e+01,1.89874860000000e+01,3.14980810000000e+01
2.49904670000000e+01,1.20350880000000e+01,2.71539340000000e+01
2.80698990000000e+01,2.34237710000000e+01,6.06053540000000e+01
2.76495400000000e+01,2.81737690000000e+01,6.08802760000000e+01
2.68811950000000e+01,2.92338600000000e+01,6.01136470000000e+01
4.12296680000000e+01,2.65672470000000e+01,4.34526900000000e+01
2.61675010000000e+01,2.70324270000000e+01,6.13705600000000e+01
3.17283060000000e+01,1.38425340000000e+01,2.86837710000000e+01
3.44628910000000e+01,2.31362670000000e+01,4.55436290000000e+01
3.10938680000000e+01,2.32897870000000e+01,5.70670390000000e+01
2.21916660000000e+01,1.41351130000000e+01,2.20615580000000e+01
3.77805750000000e+01,2.72557130000000e+01,4.51844940000000e+01
1.69290640000000e+01,2.02199440000000e+01,1.55373100000000e+01
3.74228170000000e+01,1.71353800000000e+01,3.04946250000000e+01
2.79983460000000e+01,1.28123130000000e+01,2.80316890000000e+01
4.19345550000000e+01,2.34261230000000e+01,4.20436170000000e+01
1.11625980000000e+01,1.69279120000000e+01,1.30570040000000e+01
3.51201520000000e+01,1.21238670000000e+01,2.92228930000000e+01
2.42709940000000e+01,1.35759350000000e+01,2.44255470000000e+01
1.19403270000000e+01,1.83976820000000e+01,9.95674100000000e+00
1.37358060000000e+01,1.58276520000000e+01,1.29516980000000e+01
2.40166110000000e+01,2.49226360000000e+01,6.27241210000000e+01
3.68221550000000e+01,1.62409880000000e+01,2.78077960000000e+01
2.95556950000000e+01,1.32906700000000e+01,3.02343830000000e+01
3.09931280000000e+01,2.33482460000000e+01,5.49756930000000e+01
2.93863320000000e+01,2.72050630000000e+01,5.94922940000000e+01
3.44072270000000e+01,2.27012290000000e+01,5.04778980000000e+01
3.51543620000000e+01,2.42436710000000e+01,5.74058460000000e+01
2.40632760000000e+01,1.23877570000000e+01,2.94100130000000e+01
1.84638650000000e+01,1.55881260000000e+01,1.63876440000000e+01
3.08002570000000e+01,1.01701300000000e+01,2.98842390000000e+01
2.59163340000000e+01,2.20947650000000e+01,6.23425600000000e+01
3.65548670000000e+01,2.42705210000000e+01,4.79521710000000e+01
1.95460890000000e+01,1.38359320000000e+01,1.99908180000000e+01
3.43480070000000e+01,2.24883190000000e+01,5.12723540000000e+01
3.65117000000000e+01,2.47887170000000e+01,4.41774750000000e+01
4.39658360000000e+01,2.27068270000000e+01,3.84437220000000e+01
3.35787890000000e+01,2.15974010000000e+01,5.52078510000000e+01
2.43245260000000e+01,2.52247100000000e+01,6.21397020000000e+01
3.70053670000000e+01,2.39997620000000e+01,4.48470380000000e+01
2.67136340000000e+01,1.20641130000000e+01,2.90106160000000e+01
4.05245590000000e+01,2.42865240000000e+01,3.93124470000000e+01
4.32504880000000e+01,1.90106540000000e+01,3.05881230000000e+01
3.23777350000000e+01,2.67277700000000e+01,5.98742750000000e+01
1.18314060000000e+01,1.59223050000000e+01,1.17590830000000e+01
4.18329430000000e+01,1.84432790000000e+01,2.96291710000000e+01
2.41950150000000e+01,1.21741860000000e+01,2.74588550000000e+01
1.64266780000000e+01,1.84871770000000e+01,2.00814630000000e+01
4.32184830000000e+01,1.56337890000000e+01,3.00339180000000e+01
2.43571340000000e+01,2.56003970000000e+01,5.98214260000000e+01
4.48543130000000e+01,1.73327790000000e+01,3.22285390000000e+01
2.24205090000000e+01,1.32728830000000e+01,2.79610580000000e+01
4.17116660000000e+01,1.62372170000000e+01,3.11522520000000e+01
1.06806180000000e+01,1.55918030000000e+01,9.41867600000000e+00
1.34156000000000e+01,1.93417170000000e+01,1.22162470000000e+01
2.15754130000000e+01,1.36760920000000e+01,2.35035970000000e+01
2.62754630000000e+01,2.31163010000000e+01,5.99868740000000e+01
4.67791440000000e+01,1.62556400000000e+01,3.15773220000000e+01
3.05367160000000e+01,1.23697570000000e+01,3.17432590000000e+01
1.72605380000000e+01,1.65876200000000e+01,2.03611110000000e+01
2.48201200000000e+01,1.36556150000000e+01,2.52381020000000e+01
3.10443800000000e+01,2.85875150000000e+01,5.94997480000000e+01
3.54877510000000e+01,1.44717950000000e+01,2.98981550000000e+01
1.57962950000000e+01,1.99934200000000e+01,1.33509320000000e+01
4.11386760000000e+01,2.51025520000000e+01,4.31741640000000e+01
2.97249930000000e+01,1.32616860000000e+01,3.09515800000000e+01
2.51150990000000e+01,2.50190870000000e+01,6.10704960000000e+01
3.42404750000000e+01,2.27818300000000e+01,5.58554690000000e+01
2.15024910000000e+01,1.28541790000000e+01,2.28847350000000e+01
4.39417530000000e+01,2.02660830000000e+01,3.51794700000000e+01
9.96694800000000e+00,1.70136970000000e+01,1.01822240000000e+01
2.63985840000000e+01,2.22765830000000e+01,6.01229100000000e+01
3.30460620000000e+01,1.10496260000000e+01,2.93462510000000e+01
1.05483530000000e+01,1.84171330000000e+01,1.12211030000000e+01
3.01079620000000e+01,9.70930500000000e+00,3.07593630000000e+01
3.71873590000000e+01,1.50184230000000e+01,2.81728990000000e+01
3.42396850000000e+01,2.56352670000000e+01,5.29692380000000e+01
1.37979240000000e+01,2.03999840000000e+01,1.33645730000000e+01
1.93930470000000e+01,1.57132610000000e+01,2.03215640000000e+01
2.66973760000000e+01,2.09060340000000e+01,6.06095580000000e+01
2.93152160000000e+01,2.59884640000000e+01,5.91048160000000e+01
2.11199280000000e+01,1.53537790000000e+01,2.03041920000000e+01
1.49920580000000e+01,1.92149010000000e+01,1.75610540000000e+01
1.36252250000000e+01,1.86061740000000e+01,1.16962310000000e+01
3.65345570000000e+01,2.37520240000000e+01,4.53492050000000e+01
1.86588150000000e+01,1.61508830000000e+01,2.04610060000000e+01
2.15261400000000e+01,1.29026940000000e+01,2.80905910000000e+01
1.87119010000000e+01,1.44941440000000e+01,2.35467030000000e+01
1.64726220000000e+01,1.84433710000000e+01,1.52616380000000e+01
4.47473830000000e+01,2.06948970000000e+01,3.64548110000000e+01
3.28130680000000e+01,1.39622670000000e+01,3.24173010000000e+01
3.14224430000000e+01,2.57134170000000e+01,5.52398610000000e+01
1.76909280000000e+01,1.37158500000000e+01,2.27891790000000e+01
1.20819550000000e+01,1.68548810000000e+01,1.47212030000000e+01
3.34140740000000e+01,1.66655540000000e+01,2.93336320000000e+01
3.49423410000000e+01,1.40063770000000e+01,3.06100180000000e+01
3.40296630000000e+01,2.24598010000000e+01,5.21009450000000e+01
1.59017620000000e+01,1.96367030000000e+01,1.41136520000000e+01
2.40754470000000e+01,1.35917220000000e+01,2.92877010000000e+01
2.47770770000000e+01,1.44137420000000e+01,3.02101040000000e+01
1.25522210000000e+01,1.80458530000000e+01,1.33499090000000e+01
2.45590270000000e+01,2.25422710000000e+01,6.07753940000000e+01
3.23875850000000e+01,2.24466590000000e+01,5.67718580000000e+01
1.07681690000000e+01,1.63880200000000e+01,1.24318410000000e+01
3.61821630000000e+01,2.62071840000000e+01,4.82063670000000e+01
1.12135930000000e+01,1.59602790000000e+01,1.36207390000000e+01
4.19043350000000e+01,2.02875750000000e+01,3.61883770000000e+01
3.54420090000000e+01,2.28292830000000e+01,5.64944420000000e+01
3.86604800000000e+01,1.47907430000000e+01,2.87570480000000e+01
2.70187110000000e+01,2.46333710000000e+01,5.95733490000000e+01
3.90838930000000e+01,1.61528400000000e+01,3.01258720000000e+01
3.66906390000000e+01,1.47000760000000e+01,2.65334610000000e+01
2.37122040000000e+01,1.23514090000000e+01,2.83748630000000e+01
3.10693610000000e+01,2.68014700000000e+01,6.03123470000000e+01
1.79359150000000e+01,1.55139360000000e+01,2.37643510000000e+01
2.73184930000000e+01,1.34412820000000e+01,3.14597510000000e+01
1.69556830000000e+01,1.57104700000000e+01,2.16085130000000e+01
4.28543430000000e+01,1.68206140000000e+01,3.15635640000000e+01
2.68706090000000e+01,2.85204850000000e+01,6.25403370000000e+01
1.53506580000000e+01,1.47493640000000e+01,1.46085270000000e+01
4.44617770000000e+01,1.53690430000000e+01,3.43537290000000e+01
2.99341740000000e+01,1.15986470000000e+01,2.95442560000000e+01
3.05515140000000e+01,1.09186710000000e+01,2.88649250000000e+01
1.84043480000000e+01,1.37898260000000e+01,2.03984580000000e+01
3.94399410000000e+01,2.69482210000000e+01,4.54747850000000e+01
3.79833300000000e+01,1.69987490000000e+01,2.88263650000000e+01
1.28550700000000e+01,2.02032950000000e+01,1.72956790000000e+01
3.42964940000000e+01,2.52842520000000e+01,5.38809360000000e+01
3.39009130000000e+01,1.14253870000000e+01,2.86009750000000e+01
4.31380730000000e+01,1.84689770000000e+01,3.53373990000000e+01
2.26447300000000e+01,2.30379580000000e+01,6.04388050000000e+01
3.63328860000000e+01,2.41466310000000e+01,5.39291730000000e+01
3.51882590000000e+01,2.54755340000000e+01,4.49782370000000e+01
2.54480500000000e+01,2.13184170000000e+01,5.97699200000000e+01
3.82450900000000e+01,2.49855880000000e+01,4.48490520000000e+01
3.29608800000000e+01,2.15694370000000e+01,5.46787800000000e+01
2.59715310000000e+01,1.13995700000000e+01,3.09646210000000e+01
1.53641260000000e+01,1.98191680000000e+01,1.58553760000000e+01
3.25085490000000e+01,2.28654840000000e+01,5.28145900000000e+01
2.44547580000000e+01,1.40912630000000e+01,2.68317600000000e+01
2.20344920000000e+01,1.48935760000000e+01,2.50575120000000e+01
3.33243640000000e+01,2.49374310000000e+01,5.76151810000000e+01
3.58676450000000e+01,1.61245040000000e+01,2.99900260000000e+01
1.29108390000000e+01,1.88642520000000e+01,1.49989680000000e+01
2.02175520000000e+01,1.36418150000000e+01,2.33867090000000e+01
2.91692140000000e+01,1.20655770000000e+01,2.79273780000000e+01
3.43634800000000e+01,2.41867540000000e+01,5.61959150000000e+01
4.33277240000000e+01,1.52408380000000e+01,2.92379890000000e+01
2.29763870000000e+01,2.32357230000000e+01,6.17449000000000e+01
4.29525030000000e+01,1.78642980000000e+01,3.55186920000000e+01
1.89431170000000e+01,1.28335550000000e+01,2.26099970000000e+01
1.88933140000000e+01,1.78594490000000e+01,2.19543380000000e+01
3.14758110000000e+01,1.36984840000000e+01,3.26010930000000e+01
1.68484920000000e+01,1.72583520000000e+01,1.65290470000000e+01
2.79271050000000e+01,2.49029540000000e+01,6.01602780000000e+01
1.45463030000000e+01,2.06332890000000e+01,1.78636670000000e+01
4.22305910000000e+01,2.19847830000000e+01,4.15893820000000e+01
2.86909480000000e+01,1.15088750000000e+01,3.18911910000000e+01
3.45879550000000e+01,2.60891020000000e+01,4.37891920000000e+01
1.69723870000000e+01,1.66606980000000e+01,1.72094460000000e+01
3.17793240000000e+01,2.30538080000000e+01,5.50935670000000e+01
2.83872600000000e+01,2.82307280000000e+01,6.28648680000000e+01
2.67271670000000e+01,1.07472150000000e+01,2.91024460000000e+01
2.42014100000000e+01,2.47951030000000e+01,5.94010930000000e+01
3.97302740000000e+01,2.48093700000000e+01,4.33939630000000e+01
2.38320640000000e+01,1.53062110000000e+01,2.77158410000000e+01
2.75739310000000e+01,2.62068160000000e+01,6.26703150000000e+01
3.38169780000000e+01,2.30974410000000e+01,4.73449440000000e+01
3.46727980000000e+01,2.39584880000000e+01,5.38673020000000e+01
3.57865640000000e+01,1.57852020000000e+01,3.14065760000000e+01
2.59943010000000e+01,1.18976000000000e+01,2.57384590000000e+01
2.64263590000000e+01,1.26183000000000e+01,2.92087960000000e+01
4.37115140000000e+01,1.98743250000000e+01,3.92346800000000e+01
2.51479470000000e+01,1.17730210000000e+01,2.93806130000000e+01
1.51512070000000e+01,2.05971050000000e+01,1.34641730000000e+01
2.44945770000000e+01,1.17389010000000e+01,2.85417790000000e+01
3.23177220000000e+01,2.08200280000000e+01,5.50151860000000e+01
4.33333890000000e+01,2.29481200000000e+01,4.05550960000000e+01
2.17253740000000e+01,1.43973670000000e+01,2.12535190000000e+01
4.22111850000000e+01,2.12453980000000e+01,3.81823580000000e+01
1.18088150000000e+01,1.89384670000000e+01,1.22117430000000e+01
3.55368650000000e+01,1.17714850000000e+01,3.04955540000000e+01
4.15059930000000e+01,2.45854450000000e+01,4.21920930000000e+01
2.04892770000000e+01,1.40214680000000e+01,2.67947540000000e+01
1.49056890000000e+01,1.91155380000000e+01,1.39135040000000e+01
3.14887410000000e+01,2.82828080000000e+01,6.10431440000000e+01
4.71694070000000e+01,1.69301360000000e+01,3.18770770000000e+01
1.71265770000000e+01,1.72474190000000e+01,1.98638730000000e+01
3.19146980000000e+01,2.39684100000000e+01,5.68711170000000e+01
3.92803800000000e+01,2.46495800000000e+01,4.53883590000000e+01
2.76662350000000e+01,1.08324430000000e+01,3.08554820000000e+01
4.04472350000000e+01,1.56774150000000e+01,2.96250130000000e+01
2.87021500000000e+01,1.34494600000000e+01,3.23884930000000e+01
3.65844800000000e+01,1.45893660000000e+01,2.83351380000000e+01
2.48274210000000e+01,1.34552880000000e+01,3.18596820000000e+01
2.86836450000000e+01,2.76223410000000e+01,6.02794110000000e+01
4.28129390000000e+01,2.42227440000000e+01,3.95359950000000e+01
2.49260030000000e+01,2.53252070000000e+01,5.93924260000000e+01
3.74300000000000e+01,2.43642250000000e+01,4.64304160000000e+01
2.16431660000000e+01,1.48384600000000e+01,2.57003500000000e+01
4.14964330000000e+01,1.71176280000000e+01,2.97835410000000e+01
3.68504640000000e+01,2.53325580000000e+01,4.38455580000000e+01
4.37163930000000e+01,2.15900340000000e+01,3.91625600000000e+01
1.29650020000000e+01,1.80868950000000e+01,1.12891820000000e+01
4.17931820000000e+01,1.63747880000000e+01,3.29081990000000e+01
2.81106260000000e+01,2.66306100000000e+01,5.90391240000000e+01
3.29319340000000e+01,2.40347690000000e+01,5.05102080000000e+01
2.71322170000000e+01,2.64051000000000e+01,5.90771560000000e+01
4.61535840000000e+01,1.90079520000000e+01,3.47964550000000e+01
3.33847350000000e+01,1.28747540000000e+01,3.10224910000000e+01
1.89659120000000e+01,1.56823270000000e+01,2.41555860000000e+01
3.98778800000000e+01,1.63249170000000e+01,2.93463340000000e+01
1.69971640000000e+01,1.37075120000000e+01,2.38135170000000e+01
3.04568460000000e+01,2.55635410000000e+01,5.68636470000000e+01
1.42267000000000e+01,1.81443770000000e+01,1.44529110000000e+01
4.48767320000000e+01,1.73774050000000e+01,3.58203740000000e+01
2.27115040000000e+01,2.59637390000000e+01,6.06695180000000e+01
2.08151000000000e+01,1.39181040000000e+01,2.14689580000000e+01
3.88795130000000e+01,2.63211730000000e+01,4.63729930000000e+01
4.33506510000000e+01,1.71010530000000e+01,3.28400760000000e+01
1.41581730000000e+01,2.13179260000000e+01,1.44169990000000e+01
3.16745360000000e+01,2.70575330000000e+01,5.94939920000000e+01
1.40299090000000e+01,1.63092160000000e+01,1.17807590000000e+01
3.50255970000000e+01,2.46820620000000e+01,5.32568660000000e+01
1.76381780000000e+01,1.79632320000000e+01,1.84718250000000e+01
1.81874520000000e+01,1.72990550000000e+01,1.68064820000000e+01
1.97911930000000e+01,1.49087250000000e+01,2.20698870000000e+01
2.23317510000000e+01,1.38544190000000e+01,2.12689530000000e+01
4.06739500000000e+01,2.27433150000000e+01,4.10242650000000e+01
3.47543450000000e+01,2.44909950000000e+01,4.99796300000000e+01
3.53306010000000e+01,2.32771190000000e+01,4.65885730000000e+01
2.74987350000000e+01,2.57509250000000e+01,5.97650380000000e+01
1.44330020000000e+01,1.68967320000000e+01,1.36881360000000e+01
4.32018550000000e+01,1.99725490000000e+01,3.28670270000000e+01
4.31632770000000e+01,1.51127160000000e+01,3.22360950000000e+01
4.08882220000000e+01,1.67079470000000e+01,2.97298150000000e+01
3.14780600000000e+01,2.60883640000000e+01,5.72506330000000e+01
1.18988700000000e+01,1.62720150000000e+01,1.08950670000000e+01
2.33573280000000e+01,1.30289190000000e+01,2.59609930000000e+01
3.38360710000000e+01,2.63742500000000e+01,4.77218090000000e+01
2.62789540000000e+01,1.27667530000000e+01,3.06436100000000e+01
4.10418660000000e+01,1.53201750000000e+01,3.15455000000000e+01
3.28583910000000e+01,2.42663040000000e+01,5.28788030000000e+01
3.52366330000000e+01,2.46506100000000e+01,5.06868440000000e+01
3.78624990000000e+01,2.32310640000000e+01,4.49636960000000e+01
3.38511430000000e+01,1.30017800000000e+01,3.03716720000000e+01
2.83182810000000e+01,2.52024190000000e+01,5.87454380000000e+01
1.49881740000000e+01,1.73744540000000e+01,1.43842840000000e+01
1.43034970000000e+01,1.86651080000000e+01,1.52286170000000e+01
3.62006450000000e+01,2.49321610000000e+01,4.96520390000000e+01
4.31075330000000e+01,2.14492020000000e+01,4.04019620000000e+01
1.33917640000000e+01,1.94226950000000e+01,1.63398970000000e+01
1.66938950000000e+01,1.65117800000000e+01,2.29161830000000e+01
3.90115430000000e+01,2.35892160000000e+01,4.30396500000000e+01
1.81534400000000e+01,1.32185470000000e+01,2.39448720000000e+01
2.30043850000000e+01,1.26000220000000e+01,2.52471850000000e+01
1.38099480000000e+01,1.59066670000000e+01,1.37733940000000e+01
2.77025990000000e+01,1.25931350000000e+01,3.08303990000000e+01
4.39464070000000e+01,1.81562160000000e+01,2.91797500000000e+01
3.24022560000000e+01,1.20045040000000e+01,2.80924530000000e+01
2.30764060000000e+01,2.49803560000000e+01,6.19344940000000e+01
3.41187440000000e+01,2.18641700000000e+01,5.46679120000000e+01
3.14815120000000e+01,2.33385450000000e+01,5.57785070000000e+01
3.97350850000000e+01,1.47820830000000e+01,2.84884090000000e+01
1.97810340000000e+01,1.47983330000000e+01,2.54345210000000e+01
3.35169680000000e+01,2.25306210000000e+01,5.42047960000000e+01
2.71035000000000e+01,2.23350830000000e+01,5.87279430000000e+01
2.11813300000000e+01,1.35204210000000e+01,2.76615640000000e+01
3.44065820000000e+01,2.22196140000000e+01,4.93679200000000e+01
2.26296520000000e+01,1.43216680000000e+01,2.66547160000000e+01
2.70525260000000e+01,2.91099740000000e+01,6.15347250000000e+01
1.33811240000000e+01,1.90119530000000e+01,1.08933540000000e+01
3.55752410000000e+01,2.34796410000000e+01,5.29769210000000e+01
3.77295910000000e+01,2.68052540000000e+01,4.54892350000000e+01
1.81491370000000e+01,1.45782100000000e+01,1.87694360000000e+01
3.03260230000000e+01,2.79034250000000e+01,5.98065110000000e+01
4.41807400000000e+01,1.83076930000000e+01,3.62533870000000e+01
2.91633220000000e+01,2.54675560000000e+01,6.04930730000000e+01
3.77609710000000e+01,2.40789130000000e+01,4.47223590000000e+01
4.11636240000000e+01,1.56144880000000e+01,2.87374250000000e+01
2.36926480000000e+01,2.51371310000000e+01,6.10062790000000e+01
2.60393410000000e+01,2.61641080000000e+01,5.90183600000000e+01
3.66942520000000e+01,1.39338510000000e+01,2.75936280000000e+01
2.81775800000000e+01,1.03296280000000e+01,3.01500660000000e+01
2.68496040000000e+01,2.31201460000000e+01,6.24104000000000e+01
1.73938960000000e+01,1.67338410000000e+01,2.55019990000000e+01
2.73591270000000e+01,2.61996670000000e+01,6.13343620000000e+01
3.05536230000000e+01,1.31782460000000e+01,3.11875800000000e+01
2.84218540000000e+01,2.64640270000000e+01,5.96922910000000e+01
2.49884170000000e+01,1.35857320000000e+01,2.95796930000000e+01
3.34120830000000e+01,2.40175000000000e+01,5.74137880000000e+01
3.50548360000000e+01,2.60831130000000e+01,5.45313990000000e+01
2.88335910000000e+01,1.27816760000000e+01,3.19561410000000e+01
1.67131770000000e+01,2.01343270000000e+01,1.90681530000000e+01
2.74290240000000e+01,2.32176130000000e+01,5.98300210000000e+01
2.48068120000000e+01,1.07095190000000e+01,2.66853120000000e+01
3.87364690000000e+01,2.37658710000000e+01,4.44390600000000e+01
1.30022320000000e+01,1.66230600000000e+01,1.00245940000000e+01
3.36582410000000e+01,1.07711550000000e+01,2.96372030000000e+01
1.83811090000000e+01,1.43494430000000e+01,1.99794900000000e+01
3.03812480000000e+01,2.49988350000000e+01,5.97179180000000e+01
3.27912670000000e+01,1.12455570000000e+01,3.00588680000000e+01
1.82952020000000e+01,1.78849110000000e+01,1.90538810000000e+01
1.93211820000000e+01,1.46260110000000e+01,1.85418820000000e+01
3.67645000000000e+01,2.49064160000000e+01,4.50902020000000e+01
3.76041870000000e+01,1.48988390000000e+01,3.05435120000000e+01
2.22374940000000e+01,1.29242980000000e+01,2.88095250000000e+01
2.84379390000000e+01,2.68634340000000e+01,5.82823910000000e+01
4.67053570000000e+01,1.52004850000000e+01,3.09271300000000e+01
3.23279000000000e+01,2.20993310000000e+01,5.23334430000000e+01
1.81068340000000e+01,1.59763060000000e+01,2.29526710000000e+01
4.43790550000000e+01,1.89573170000000e+01,3.41871640000000e+01
4.16069790000000e+01,1.89177190000000e+01,3.53945240000000e+01
3.88994600000000e+01,2.54070660000000e+01,4.24608650000000e+01
1.41237030000000e+01,2.02484050000000e+01,1.72204630000000e+01
4.06148380000000e+01,2.71138920000000e+01,4.34002650000000e+01
2.53236430000000e+01,2.51303420000000e+01,6.32588500000000e+01
2.20356410000000e+01,1.63285330000000e+01,2.06793460000000e+01
3.45296940000000e+01,2.34226780000000e+01,5.65163000000000e+01
4.45851900000000e+01,1.82835080000000e+01,3.17464070000000e+01
4.46403850000000e+01,1.54242690000000e+01,3.34866600000000e+01
2.57692740000000e+01,1.34397950000000e+01,2.82009870000000e+01
1.60335080000000e+01,1.46017760000000e+01,2.22572020000000e+01
3.32580340000000e+01,2.64137060000000e+01,5.63858760000000e+01
3.42113800000000e+01,1.52594130000000e+01,2.76314580000000e+01
1.50532260000000e+01,1.67077060000000e+01,1.79680120000000e+01
3.36504670000000e+01,1.50056020000000e+01,2.97292670000000e+01
3.61278150000000e+01,1.73788950000000e+01,2.98022460000000e+01
3.84813350000000e+01,2.40153600000000e+01,4.54382780000000e+01
2.72979180000000e+01,2.43742810000000e+01,5.89267880000000e+01
4.23589550000000e+01,2.11828840000000e+01,3.51942100000000e+01
4.59064180000000e+01,1.84003660000000e+01,3.35406610000000e+01
2.35897940000000e+01,2.42187630000000e+01,5.87143550000000e+01
3.69646220000000e+01,2.64157960000000e+01,4.73523940000000e+01
3.22958450000000e+01,2.46385460000000e+01,5.22476500000000e+01
2.34954260000000e+01,1.45453180000000e+01,2.74353850000000e+01
3.12637440000000e+01,1.22956080000000e+01,2.97438580000000e+01
1.34740410000000e+01,1.74603650000000e+01,1.41964320000000e+01
3.15230100000000e+01,2.31349950000000e+01,5.63710250000000e+01
2.05107500000000e+01,1.28671220000000e+01,2.31747470000000e+01
2.59084400000000e+01,1.19965400000000e+01,2.76324040000000e+01
2.27751370000000e+01,1.45758000000000e+01,2.25004310000000e+01
2.35448760000000e+01,1.19376960000000e+01,2.70924110000000e+01
4.28586310000000e+01,2.01883180000000e+01,3.72079200000000e+01
2.27761840000000e+01,1.42510230000000e+01,2.60895880000000e+01
1.16947440000000e+01,1.44125200000000e+01,1.15869450000000e+01
3.28663980000000e+01,2.24954470000000e+01,5.54820180000000e+01
2.97293510000000e+01,2.93134310000000e+01,6.09353870000000e+01
3.06774940000000e+01,2.62389050000000e+01,5.85769580000000e+01
2.67250060000000e+01,9.95060800000000e+00,2.85890790000000e+01
4.49918060000000e+01,1.63579180000000e+01,3.52652050000000e+01
2.55361140000000e+01,1.15146050000000e+01,2.70258920000000e+01
2.90526450000000e+01,1.18653950000000e+01,3.08904080000000e+01
3.48885770000000e+01,2.38388710000000e+01,5.17901120000000e+01
3.30007400000000e+01,1.37440180000000e+01,2.95204390000000e+01
4.08170510000000e+01,2.41059230000000e+01,4.25697940000000e+01
1.55357020000000e+01,1.83067470000000e+01,1.87599070000000e+01
4.19893380000000e+01,2.27841130000000e+01,3.85108720000000e+01
3.06150170000000e+01,2.77254160000000e+01,5.86505740000000e+01
3.34355130000000e+01,1.57444820000000e+01,2.88878990000000e+01
2.37921680000000e+01,2.60962890000000e+01,6.24582290000000e+01
3.58400920000000e+01,2.52065810000000e+01,4.60200880000000e+01
3.17479040000000e+01,2.47651440000000e+01,5.79972500000000e+01
3.58745420000000e+01,1.30243060000000e+01,2.95894930000000e+01
2.57784000000000e+01,1.34362820000000e+01,3.06071110000000e+01
3.07481750000000e+01,2.91648140000000e+01,5.85849460000000e+01
3.02855340000000e+01,2.69910070000000e+01,5.77997670000000e+01
4.20622370000000e+01,2.39353390000000e+01,3.95037380000000e+01
2.56799090000000e+01,2.34659880000000e+01,5.96689570000000e+01
4.36939010000000e+01,1.93164140000000e+01,3.57127760000000e+01
1.52175410000000e+01,1.84311100000000e+01,1.55808660000000e+01
2.06188870000000e+01,1.58482940000000e+01,2.18254850000000e+01
1.67661320000000e+01,1.50999050000000e+01,1.98626520000000e+01
4.21598930000000e+01,2.19896640000000e+01,3.86038780000000e+01
3.73915790000000e+01,1.66733880000000e+01,2.96779980000000e+01
2.73834210000000e+01,2.36014690000000e+01,5.82571950000000e+01
3.60081980000000e+01,1.81951290000000e+01,3.00736640000000e+01
4.18748020000000e+01,1.91975150000000e+01,3.27664910000000e+01
1.72020740000000e+01,1.88297630000000e+01,1.61857450000000e+01
3.22623630000000e+01,1.33509040000000e+01,3.10262850000000e+01
2.20739540000000e+01,1.18063430000000e+01,2.56272490000000e+01
2.54163490000000e+01,2.31093920000000e+01,6.09588170000000e+01
3.36827850000000e+01,2.60175760000000e+01,5.66207770000000e+01
3.58869740000000e+01,2.59147510000000e+01,4.50708010000000e+01
1.66846830000000e+01,1.68649250000000e+01,1.82789760000000e+01
1.71538830000000e+01,1.42716630000000e+01,2.30191330000000e+01
2.21258580000000e+01,1.42227230000000e+01,2.27739180000000e+01
3.38512760000000e+01,2.32578260000000e+01,5.68132400000000e+01
3.60197260000000e+01,1.53319740000000e+01,2.75817700000000e+01
3.92120900000000e+01,2.40988270000000e+01,4.24768260000000e+01
4.17584760000000e+01,2.52873780000000e+01,4.44595180000000e+01
3.77154620000000e+01,1.54932390000000e+01,2.93037200000000e+01
4.28812330000000e+01,1.79388030000000e+01,2.90754090000000e+01
3.27916980000000e+01,2.41090240000000e+01,5.48930890000000e+01
1.06132320000000e+01,1.75123020000000e+01,1.00641210000000e+01
3.62844470000000e+01,1.41172870000000e+01,2.93187770000000e+01
4.23971140000000e+01,1.72496130000000e+01,3.28031160000000e+01
4.36721040000000e+01,2.33178200000000e+01,4.04944340000000e+01
4.19687190000000e+01,1.41725600000000e+01,3.03864420000000e+01
2.02733360000000e+01,1.54508910000000e+01,1.92507020000000e+01
1.01139410000000e+01,1.79100700000000e+01,1.17659620000000e+01
3.23093760000000e+01,2.52682650000000e+01,5.66454010000000e+01
1.54956070000000e+01,1.61603090000000e+01,1.58486530000000e+01
4.00126690000000e+01,2.52368740000000e+01,4.19718170000000e+01
3.76245380000000e+01,1.79340270000000e+01,2.87779310000000e+01
4.52122340000000e+01,1.61626450000000e+01,3.11167470000000e+01
4.25127940000000e+01,1.93718850000000e+01,3.69951440000000e+01
3.19346680000000e+01,2.67367780000000e+01,5.57015990000000e+01
3.22498780000000e+01,1.09694620000000e+01,3.04548970000000e+01
4.61741450000000e+01,1.71509510000000e+01,3.24001010000000e+01
3.66000020000000e+01,2.47254680000000e+01,4.86837690000000e+01
2.77233240000000e+01,2.67302320000000e+01,6.22323150000000e+01
4.43137050000000e+01,1.62023790000000e+01,2.97409320000000e+01
3.14155810000000e+01,1.05985590000000e+01,2.90632380000000e+01
2.53782310000000e+01,2.65464840000000e+01,6.15394360000000e+01
3.53309020000000e+01,1.20491910000000e+01,2.98801860000000e+01
1.44866050000000e+01,1.84510960000000e+01,1.16295650000000e+01
2.28178390000000e+01,2.45659850000000e+01,5.95972600000000e+01
2.45242480000000e+01,1.30439670000000e+01,2.81656170000000e+01
2.56447580000000e+01,1.40433670000000e+01,3.01687490000000e+01
2.60142140000000e+01,2.73160510000000e+01,6.25730060000000e+01
1.82845230000000e+01,1.88382190000000e+01,1.76853710000000e+01
2.52271230000000e+01,2.43310780000000e+01,6.03003540000000e+01
3.48551670000000e+01,1.47400260000000e+01,3.04077400000000e+01
3.45796620000000e+01,2.51333310000000e+01,4.58316230000000e+01
3.42989540000000e+01,2.41765290000000e+01,5.26159930000000e+01
1.99950080000000e+01,1.47437790000000e+01,2.42999610000000e+01
1.45589140000000e+01,1.54809370000000e+01,1.31612310000000e+01
1.84496800000000e+01,1.38266670000000e+01,2.35100100000000e+01
3.93388140000000e+01,2.57241500000000e+01,4.50443730000000e+01
3.49185370000000e+01,2.42494300000000e+01,5.10412860000000e+01
3.57072980000000e+01,2.68923420000000e+01,4.56330150000000e+01
2.50263880000000e+01,2.64523050000000e+01,6.04432070000000e+01
1.99219840000000e+01,1.53749140000000e+01,2.58751640000000e+01
3.45573310000000e+01,2.34883980000000e+01,5.44402690000000e+01
3.22505840000000e+01,2.26697010000000e+01,5.62246020000000e+01
2.94732970000000e+01,2.62437880000000e+01,6.00925870000000e+01
3.58728290000000e+01,1.49443840000000e+01,2.83672370000000e+01
2.73832470000000e+01,2.42486800000000e+01,6.20314480000000e+01
1.39158550000000e+01,1.79773980000000e+01,1.55606160000000e+01
2.14108680000000e+01,1.19789560000000e+01,2.65668220000000e+01
4.43859560000000e+01,1.52343100000000e+01,3.59247320000000e+01
2.06094320000000e+01,1.44187200000000e+01,2.45439000000000e+01
3.40488660000000e+01,2.19437960000000e+01,5.04509240000000e+01
4.46035650000000e+01,2.10219310000000e+01,3.91195030000000e+01
4.27404860000000e+01,2.44023780000000e+01,4.18158040000000e+01
4.50545200000000e+01,1.89438290000000e+01,3.63790700000000e+01
3.40407750000000e+01,1.46222470000000e+01,3.12014540000000e+01
3.44641760000000e+01,1.35773950000000e+01,2.96147900000000e+01
2.01962130000000e+01,1.54422980000000e+01,2.42717590000000e+01
3.64184190000000e+01,2.59228320000000e+01,4.65654910000000e+01
1.90193600000000e+01,1.40121880000000e+01,2.13765720000000e+01
2.29668980000000e+01,2.43528180000000e+01,6.30807420000000e+01
3.18472270000000e+01,2.68488460000000e+01,5.85570220000000e+01
3.96975860000000e+01,2.63133450000000e+01,4.32161030000000e+01
1.89255660000000e+01,1.56987950000000e+01,1.96386530000000e+01
2.40116310000000e+01,2.28042580000000e+01,6.22771420000000e+01
3.68832860000000e+01,1.46021950000000e+01,3.02914510000000e+01
2.10060810000000e+01,1.31710620000000e+01,2.07276590000000e+01
4.25377010000000e+01,2.18979340000000e+01,3.65564080000000e+01
4.34130480000000e+01,1.85557310000000e+01,3.38380510000000e+01
2.89183900000000e+01,2.47298530000000e+01,6.11507720000000e+01
3.43231890000000e+01,2.46257950000000e+01,4.58096500000000e+01
3.76694180000000e+01,2.53048460000000e+01,4.54452510000000e+01
3.59035380000000e+01,2.67759910000000e+01,4.80895730000000e+01
1.45497550000000e+01,1.83812050000000e+01,1.69789450000000e+01
2.59392570000000e+01,2.60659120000000e+01,6.19487880000000e+01
4.47766720000000e+01,2.24004800000000e+01,3.92722430000000e+01
1.30185130000000e+01,1.52406420000000e+01,1.15856630000000e+01
3.65864490000000e+01,2.68626630000000e+01,4.92216800000000e+01
4.11775860000000e+01,1.72983280000000e+01,2.83004000000000e+01
4.25748830000000e+01,1.85671600000000e+01,3.02932990000000e+01
2.42221130000000e+01,1.53157550000000e+01,2.86188870000000e+01
3.49156530000000e+01,2.49190600000000e+01,4.74068410000000e+01
3.48187680000000e+01,2.36538980000000e+01,4.42194250000000e+01
1.16141430000000e+01,1.55133710000000e+01,9.82936900000000e+00
2.56318050000000e+01,2.42011300000000e+01,6.24314610000000e+01
4.54330860000000e+01,1.85110660000000e+01,3.51719440000000e+01
3.35735890000000e+01,1.42175400000000e+01,3.13642160000000e+01
3.56845090000000e+01,2.38747560000000e+01,4.92288510000000e+01
1.82484490000000e+01,1.52628690000000e+01,2.46728150000000e+01
3.18683620000000e+01,1.22317800000000e+01,3.28289180000000e+01
1.73611240000000e+01,1.85611310000000e+01,1.69042640000000e+01
1.69070820000000e+01,1.60695320000000e+01,2.50979060000000e+01
4.49329800000000e+01,1.97528710000000e+01,3.76157840000000e+01
2.82536810000000e+01,2.42976040000000e+01,5.90612950000000e+01
4.24867780000000e+01,1.74181190000000e+01,3.33703270000000e+01
3.13729320000000e+01,2.34449920000000e+01,5.23003010000000e+01
4.28507160000000e+01,1.95195180000000e+01,3.46430020000000e+01
4.46392750000000e+01,1.84471570000000e+01,3.30707890000000e+01
4.39614140000000e+01,1.49192060000000e+01,2.96671870000000e+01
2.61415750000000e+01,1.23044850000000e+01,2.84504800000000e+01
4.33309560000000e+01,1.84986760000000e+01,3.29062540000000e+01
4.21126020000000e+01,2.44589020000000e+01,4.27633930000000e+01
3.99201280000000e+01,2.31796820000000e+01,4.22895430000000e+01
1.31369460000000e+01,1.68078650000000e+01,1.51141460000000e+01
1.81492880000000e+01,1.54154250000000e+01,2.21576860000000e+01
1.40311600000000e+01,1.77785680000000e+01,1.63324910000000e+01
3.19687400000000e+01,1.39658410000000e+01,2.96066320000000e+01
1.69846970000000e+01,1.46382060000000e+01,2.22341580000000e+01
2.68599010000000e+01,2.41338350000000e+01,6.08289030000000e+01
3.19146140000000e+01,2.51546760000000e+01,5.93378980000000e+01
3.32538030000000e+01,2.32777080000000e+01,5.19031560000000e+01
1.43197040000000e+01,2.10979580000000e+01,1.67701440000000e+01
4.21345940000000e+01,1.57497630000000e+01,3.11725710000000e+01
3.43228680000000e+01,2.39450760000000e+01,5.33173900000000e+01
3.40113750000000e+01,1.59458040000000e+01,2.76096800000000e+01
3.45700570000000e+01,1.67131630000000e+01,2.94618660000000e+01
1.21140230000000e+01,1.59633690000000e+01,1.33675140000000e+01
3.23546710000000e+01,2.20914230000000e+01,5.38861080000000e+01
1.38708900000000e+01,1.79557190000000e+01,1.80269680000000e+01
2.50657480000000e+01,1.29113690000000e+01,2.91411040000000e+01
3.39364660000000e+01,2.49766980000000e+01,5.14403110000000e+01
2.04207420000000e+01,1.35687070000000e+01,2.45535430000000e+01
3.24450040000000e+01,2.37294250000000e+01,4.96989210000000e+01
3.19390260000000e+01,2.61254310000000e+01,5.95024110000000e+01
2.77132470000000e+01,1.24944410000000e+01,2.95551240000000e+01
2.48816470000000e+01,2.72640150000000e+01,6.01154790000000e+01
1.13624590000000e+01,1.48859900000000e+01,1.06869680000000e+01
3.81506580000000e+01,1.41140310000000e+01,2.94418090000000e+01
1.72540260000000e+01,1.65280250000000e+01,2.47362630000000e+01
3.29592060000000e+01,2.50702250000000e+01,4.86977350000000e+01
3.38829540000000e+01,2.53047030000000e+01,5.69846230000000e+01
4.28126340000000e+01,2.31804980000000e+01,4.09017410000000e+01
2.80819230000000e+01,1.25784650000000e+01,3.00797810000000e+01
4.24787060000000e+01,2.35022850000000e+01,4.14952090000000e+01
4.35039900000000e+01,1.80398710000000e+01,3.17709850000000e+01
2.76063460000000e+01,1.09344390000000e+01,2.80266170000000e+01
2.61351200000000e+01,2.59396320000000e+01,6.05079730000000e+01
2.79961850000000e+01,2.72821330000000e+01,5.95688930000000e+01
3.43676150000000e+01,1.55248690000000e+01,3.03384610000000e+01
3.46791420000000e+01,2.30979980000000e+01,4.84086300000000e+01
4.54690630000000e+01,1.65102460000000e+01,3.17575490000000e+01
4.13642580000000e+01,1.84492820000000e+01,3.22768550000000e+01
2.65226820000000e+01,2.45299340000000e+01,6.01104130000000e+01
3.82361980000000e+01,2.53113370000000e+01,4.41083300000000e+01
3.28752210000000e+01,1.59240730000000e+01,2.82794380000000e+01
1.52515220000000e+01,1.74279500000000e+01,1.60185600000000e+01
2.37906510000000e+01,2.66063190000000e+01,6.10295560000000e+01
3.30825080000000e+01,2.34180340000000e+01,4.84951170000000e+01
1.24726620000000e+01,1.58278870000000e+01,1.12825820000000e+01
1.16027890000000e+01,1.96455670000000e+01,1.28760970000000e+01
3.54292640000000e+01,2.40069410000000e+01,4.51790470000000e+01
2.53498460000000e+01,1.25991510000000e+01,2.98528210000000e+01
1.83632980000000e+01,1.51993840000000e+01,1.96476630000000e+01
2.65705340000000e+01,2.18571260000000e+01,6.12170030000000e+01
1.27001970000000e+01,1.44231710000000e+01,1.04935050000000e+01
4.42752380000000e+01,1.97466640000000e+01,3.56626890000000e+01
3.27001690000000e+01,2.32422940000000e+01,5.12494660000000e+01
3.47969780000000e+01,2.30051250000000e+01,4.76447490000000e+01
2.35625100000000e+01,2.64840320000000e+01,5.96412430000000e+01
2.30346130000000e+01,1.38991660000000e+01,2.38321690000000e+01
3.60402910000000e+01,2.41051830000000e+01,4.72661290000000e+01
3.45074390000000e+01,1.69897330000000e+01,2.80501690000000e+01
3.13084490000000e+01,1.29016790000000e+01,3.02439250000000e+01
4.17089230000000e+01,1.89074590000000e+01,3.44875640000000e+01
2.38057460000000e+01,2.33893070000000e+01,6.13807300000000e+01
3.84369010000000e+01,1.49664960000000e+01,2.95618690000000e+01
4.07242010000000e+01,2.34845520000000e+01,4.23826980000000e+01
4.13536260000000e+01,1.49268410000000e+01,3.02467100000000e+01
1.82952560000000e+01,1.71201290000000e+01,2.04884830000000e+01
3.51064950000000e+01,2.48546260000000e+01,4.64123460000000e+01
1.70709740000000e+01,1.45732910000000e+01,2.07688480000000e+01
1.84130150000000e+01,1.53531790000000e+01,2.09899540000000e+01
2.57177410000000e+01,1.26748800000000e+01,2.51923200000000e+01
1.10666430000000e+01,1.69854390000000e+01,1.11506780000000e+01
2.12169590000000e+01,1.54298470000000e+01,2.10546760000000e+01
1.59915730000000e+01,1.60269430000000e+01,1.36795090000000e+01
3.16664980000000e+01,2.70927030000000e+01,6.05311200000000e+01
2.78042830000000e+01,2.68511980000000e+01,6.05726360000000e+01
2.82545970000000e+01,2.54527890000000e+01,5.99612960000000e+01
3.85658870000000e+01,2.61101360000000e+01,4.33115270000000e+01
1.25032460000000e+01,1.64914740000000e+01,1.24496550000000e+01
3.73122900000000e+01,2.41929000000000e+01,4.72802810000000e+01
2.20631080000000e+01,1.27445190000000e+01,2.72809030000000e+01
3.14246500000000e+01,1.17854700000000e+01,2.74017930000000e+01
2.46800370000000e+01,1.43971220000000e+01,2.80359000000000e+01
3.24595990000000e+01,2.19970780000000e+01,5.72571330000000e+01
3.28855170000000e+01,1.25198340000000e+01,3.02335990000000e+01
4.55909650000000e+01,1.77961620000000e+01,3.22110750000000e+01
3.27317120000000e+01,1.29756430000000e+01,3.18389990000000e+01
1.92100720000000e+01,1.52431510000000e+01,2.33776050000000e+01
3.29329610000000e+01,2.53796540000000e+01,5.79865260000000e+01
1.78990120000000e+01,1.79660840000000e+01,1.73608320000000e+01
4.42400360000000e+01,1.75425510000000e+01,3.14154360000000e+01
1.06894110000000e+01,1.80453930000000e+01,1.06007860000000e+01
4.22999270000000e+01,1.75145530000000e+01,3.03358170000000e+01
4.60472760000000e+01,1.56823330000000e+01,3.06667000000000e+01
2.49508380000000e+01,2.47047840000000e+01,5.82849730000000e+01
4.28526500000000e+01,1.67815090000000e+01,2.99046520000000e+01
3.26502840000000e+01,2.43304790000000e+01,5.12710880000000e+01
4.23579830000000e+01,1.54715770000000e+01,2.98574870000000e+01
2.69037820000000e+01,1.25937820000000e+01,3.14416050000000e+01
3.63799400000000e+01,2.37458440000000e+01,4.65908660000000e+01
3.59445950000000e+01,2.51717890000000e+01,4.45266300000000e+01
2.86785300000000e+01,1.26612850000000e+01,3.08762950000000e+01
1.76426160000000e+01,1.53564390000000e+01,1.81886230000000e+01
1.82996160000000e+01,1.73139320000000e+01,1.77986070000000e+01
4.43834150000000e+01,1.54077930000000e+01,3.03291440000000e+01
4.17555200000000e+01,1.63531020000000e+01,3.39524350000000e+01
2.90019070000000e+01,1.11481430000000e+01,2.92701700000000e+01
4.01411860000000e+01,2.31382370000000e+01,4.45229300000000e+01
1.47737450000000e+01,1.97812580000000e+01,1.73173240000000e+01
3.50355610000000e+01,1.58902190000000e+01,2.83453480000000e+01
3.28518830000000e+01,1.37109980000000e+01,3.05627460000000e+01
2.90165690000000e+01,1.35858040000000e+01,3.05772930000000e+01
2.78113250000000e+01,2.81261880000000e+01,6.32791290000000e+01
2.70982800000000e+01,2.78688640000000e+01,6.35648570000000e+01
4.41506310000000e+01,1.98153800000000e+01,3.62517280000000e+01
4.30921820000000e+01,1.71205920000000e+01,2.88438420000000e+01
1.98951340000000e+01,1.66604250000000e+01,1.91631740000000e+01
3.36469990000000e+01,2.70178700000000e+01,5.78380660000000e+01
4.13871840000000e+01,1.75520920000000e+01,3.04376890000000e+01
3.29735870000000e+01,2.36847950000000e+01,5.65439150000000e+01
4.31749340000000e+01,1.61564200000000e+01,3.29899670000000e+01
1.24925380000000e+01,1.79955100000000e+01,1.41596880000000e+01
1.13017460000000e+01,1.76266460000000e+01,1.40268790000000e+01
2.57736610000000e+01,1.28848290000000e+01,2.74654640000000e+01
2.18546470000000e+01,1.25700050000000e+01,2.59808330000000e+01
3.65678750000000e+01,1.59127980000000e+01,2.95434650000000e+01
4.52773550000000e+01,1.75651950000000e+01,3.30820850000000e+01
2.64516870000000e+01,2.38892670000000e+01,5.85383030000000e+01
1.18031770000000e+01,1.84677680000000e+01,9.11712000000000e+00
4.30931930000000e+01,1.84458940000000e+01,3.72242850000000e+01
4.05286220000000e+01,2.60044040000000e+01,4.46271320000000e+01
2.66935460000000e+01,1.38476410000000e+01,3.22065320000000e+01
1.44590570000000e+01,1.91012940000000e+01,1.25430360000000e+01
1.65279770000000e+01,1.65246910000000e+01,1.90632820000000e+01
3.49050600000000e+01,2.54795680000000e+01,5.24574430000000e+01
3.35565340000000e+01,2.48477920000000e+01,4.83394810000000e+01
1.93407690000000e+01,1.63144150000000e+01,2.13957290000000e+01
3.40069730000000e+01,2.60982780000000e+01,5.77173690000000e+01
2.36548160000000e+01,1.34707780000000e+01,2.41540050000000e+01
2.60608140000000e+01,2.50580440000000e+01,6.17916370000000e+01
3.54108850000000e+01,2.37938180000000e+01,5.42817190000000e+01
3.64529760000000e+01,2.33059500000000e+01,4.91288490000000e+01
1.79865570000000e+01,1.34253940000000e+01,2.20423450000000e+01
1.55762730000000e+01,1.96635950000000e+01,1.87942870000000e+01
2.81334690000000e+01,2.78104060000000e+01,5.88075980000000e+01
1.57431220000000e+01,1.78224980000000e+01,1.98748590000000e+01
3.43299520000000e+01,2.13942380000000e+01,5.37152560000000e+01
1.59063760000000e+01,1.77317920000000e+01,1.61004680000000e+01
3.59043460000000e+01,2.60964550000000e+01,4.86576460000000e+01
2.66153830000000e+01,2.79368230000000e+01,6.27255290000000e+01
3.79116170000000e+01,2.69358620000000e+01,4.68192290000000e+01
1.33227770000000e+01,1.57974780000000e+01,1.24446920000000e+01
3.92428090000000e+01,2.31161820000000e+01,4.09913480000000e+01
1.81545370000000e+01,1.50792690000000e+01,2.16284920000000e+01
1.75862830000000e+01,1.81998200000000e+01,2.12678620000000e+01
2.22746410000000e+01,2.43244550000000e+01,6.13678820000000e+01
4.04352680000000e+01,2.47002140000000e+01,4.15233730000000e+01
1.91285100000000e+01,1.66549050000000e+01,2.22106360000000e+01
4.20871470000000e+01,2.13887750000000e+01,3.91995510000000e+01
3.39677810000000e+01,2.40642550000000e+01,4.94949530000000e+01
2.16779580000000e+01,1.29574490000000e+01,2.64265590000000e+01
3.11188010000000e+01,1.08406480000000e+01,2.98263660000000e+01
3.47297630000000e+01,2.51644190000000e+01,5.17853160000000e+01
4.07848400000000e+01,2.27089390000000e+01,4.24679410000000e+01
3.73662950000000e+01,1.55492030000000e+01,2.72736320000000e+01
4.47244800000000e+01,1.57133130000000e+01,2.95255910000000e+01
2.42560080000000e+01,1.45215500000000e+01,2.89521080000000e+01
2.01482350000000e+01,1.22119050000000e+01,2.42729360000000e+01
4.20585020000000e+01,1.82702640000000e+01,3.36239050000000e+01
4.42163350000000e+01,2.01013570000000e+01,3.71141280000000e+01
1.59635730000000e+01,2.02248760000000e+01,1.74197540000000e+01
4.32270160000000e+01,2.10314370000000e+01,3.82908630000000e+01
1.50985010000000e+01,1.84215740000000e+01,1.44587330000000e+01
2.33228130000000e+01,1.38868400000000e+01,2.54932900000000e+01
1.76820680000000e+01,1.78658850000000e+01,2.17989940000000e+01
2.88299710000000e+01,2.82122150000000e+01,6.08367080000000e+01
3.31253660000000e+01,1.43947620000000e+01,2.88532830000000e+01
3.26245420000000e+01,2.58165130000000e+01,5.58451190000000e+01
2.56277850000000e+01,2.84418090000000e+01,6.09983290000000e+01
2.66211490000000e+01,2.67692390000000e+01,5.81638490000000e+01
4.07404790000000e+01,2.47859590000000e+01,4.21269720000000e+01
2.88266300000000e+01,1.22371570000000e+01,2.91300850000000e+01
1.84118750000000e+01,1.25506110000000e+01,2.31538200000000e+01
2.52418990000000e+01,1.30047810000000e+01,2.61445270000000e+01
1.81823810000000e+01,1.61365090000000e+01,1.80130480000000e+01
4.21262630000000e+01,2.31741910000000e+01,3.95505140000000e+01
3.19571170000000e+01,2.30945910000000e+01,5.78214490000000e+01
1.15779570000000e+01,1.86156440000000e+01,1.10422360000000e+01
3.18347800000000e+01,1.16097780000000e+01,3.07026940000000e+01
4.31376610000000e+01,2.46345310000000e+01,4.12482990000000e+01
3.33185920000000e+01,2.43717580000000e+01,5.25896760000000e+01
3.59270290000000e+01,1.38647530000000e+01,3.04991150000000e+01
1.39699610000000e+01,1.95077820000000e+01,1.22481210000000e+01
2.76813220000000e+01,1.32343600000000e+01,3.07787760000000e+01
1.78419880000000e+01,1.57225960000000e+01,2.10415840000000e+01
1.56964630000000e+01,1.77116740000000e+01,1.79059810000000e+01
3.10186750000000e+01,2.69385380000000e+01,5.78254010000000e+01
3.17087020000000e+01,1.18426130000000e+01,2.97950100000000e+01
1.15625000000000e+01,1.70894300000000e+01,1.27561540000000e+01
3.02556860000000e+01,2.61411170000000e+01,5.97810020000000e+01
2.44038070000000e+01,2.50667920000000e+01,5.83615720000000e+01
2.53763620000000e+01,1.23708080000000e+01,3.07706620000000e+01
4.26636620000000e+01,2.08326360000000e+01,3.55923540000000e+01
2.64630240000000e+01,1.19973460000000e+01,2.67523920000000e+01
4.04895900000000e+01,1.64021190000000e+01,3.22689250000000e+01
3.97036670000000e+01,2.40567090000000e+01,4.54511800000000e+01
3.51108700000000e+01,1.34570610000000e+01,2.78149130000000e+01
2.37123260000000e+01,2.32211170000000e+01,5.96337320000000e+01
3.17691020000000e+01,2.36424450000000e+01,5.13702510000000e+01
1.29548610000000e+01,1.92041930000000e+01,1.39855540000000e+01
3.85980870000000e+01,2.60857730000000e+01,4.55509030000000e+01
3.41549950000000e+01,2.28914390000000e+01,5.37196960000000e+01
2.41648460000000e+01,1.42188700000000e+01,2.58644050000000e+01
4.31392170000000e+01,2.24232750000000e+01,4.10666350000000e+01
3.25675700000000e+01,2.73726370000000e+01,6.04420390000000e+01
2.50349660000000e+01,2.28532430000000e+01,5.90567860000000e+01
3.77906950000000e+01,2.39648080000000e+01,4.30176390000000e+01
4.53475490000000e+01,1.68251930000000e+01,3.31619990000000e+01
4.10859830000000e+01,1.53481480000000e+01,2.99620930000000e+01
3.24532390000000e+01,1.20297070000000e+01,2.92851410000000e+01
1.28341290000000e+01,1.84934960000000e+01,1.28520280000000e+01
1.40952130000000e+01,1.99691790000000e+01,1.62061020000000e+01
2.45618840000000e+01,1.24312200000000e+01,2.60853770000000e+01
3.45986820000000e+01,2.51142830000000e+01,4.68364790000000e+01
