x coord, y coord, z coord, scalar
39.2075, 25.7898, 28.8106, 54578.2
26.0524, 26.6, 0.169247, 66123.8
45.1028, 15.0974, 38.5533, 63157.1
24.1704, 16.0689, 13.6607, 55787.5
35.2982, 31.2265, 23.0541, 53770.4
48.9327, 16.0061, 37.0898, 65985.1
25.9715, 29.0696, 2.99521, 63764
28.8724, 20.1137, 20.5919, 50165.8
34.9705, 33.0734, 24.3991, 55783.5
48.0529, 15.5627, 41.0368, 67943.1
35.6115, 11.2606, 55.0815, 75777.8
31.634, 23.2719, 22.8115, 49806.1
29.6901, 20.6814, 21.1258, 49898.7
17.6447, 32.6222, -10.7311, 90164.1
22.532, 18.4652, 7.2071, 60289.7
23.3205, 4.20077, 53.9762, 81388.7
31.4003, 22.1668, 22.2049, 50441.4
42.3526, 20.1239, 33.6126, 57478.8
26.3858, 25.7656, 4.30863, 60923.8
24.5872, 17.1224, 11.7711, 55860.7
25.0344, 20.593, 14.5905, 52393.5
28.1815, 9.18647, -1.35331, 74749.6
47.7183, 14.2912, 38.1504, 65779
46.3064, 8.97181, 55.4367, 82427.4
12.699, 31.0722, -13.0613, 97299.2
24.8885, 16.0415, 11.1443, 56658.1
46.8316, 12.7608, 37.3135, 65039.1
22.2569, 16.3553, 13.5315, 57044.6
18.9135, 4.69683, 50.2285, 79765.6
29.1031, 22.3275, 24.9941, 49945.7
37.8149, 26.328, 28.4611, 53914.3
17.4605, 30.1927, -3.95709, 78864.2
40.4149, 33.1151, 25.4341, 59681.4
17.7773, 31.1789, -12.8388, 92958.3
23.7421, 27.4789, 3.88314, 62930.6
33.8884, 31.2412, 19.0691, 53657.3
29.5079, 31.0559, 7.74518, 59033.2
28.5153, 29.261, 4.47126, 61947.5
38.3911, 24.4019, 30.644, 54384.8
17.9374, 33.8954, -7.89118, 86494.3
27.2803, 31.8418, 11.5862, 57475.4
24.2277, 13.6684, 3.86276, 64735.9
45.5203, 16.4847, 33.9253, 60431
27.2106, 15.2225, 0.387811, 67412.6
22.5818, 14.1774, 1.68738, 68165.6
48.5814, 7.79525, 47.7235, 75223.1
22.6753, 15.1179, 0.655793, 68730.6
36.1306, 32.2218, 22.343, 54946.7
23.7416, 2.37739, 52.5885, 81080
29.3935, 22.1329, 25.6713, 50056.9
17.2026, 33.3014, -7.31193, 85724.4
21.9482, 15.4758, 12.041, 58459.9
28.9083, 9.62974, -2.07769, 75294.8
17.9306, 32.6549, -11.4644, 91199.8
41.0446, 11.4448, 58.1281, 82393.5
20.2479, 5.02554, 52.9455, 81644.4
48.261, 14.3573, 36.9471, 65640.9
30.7495, 7.62617, 49.2177, 69873.5
36.1485, 30.5028, 25.6397, 54882.6
27.0137, 20.9239, 18.4888, 50538.1
25.6703, 12.4325, 1.0093, 68971.5
28.1851, 5.75235, 48.2366, 70764.7
31.9519, 34.9422, 11.5528, 60102
35.068, 32.3176, 23.1894, 54770.6
40.0356, 19.9611, 32.3782, 55343.5
23.6101, 17.4756, 15.6549, 54650.7
43.0686, 18.7447, 33.7523, 58244.6
49.0507, 14.1955, 42.3852, 70601.3
21.4878, 31.3253, -0.083469, 70677.7
20.1966, 4.7434, 52.3095, 81076.6
11.9832, 31.1039, -20.1896, 112775
37.2789, 34.5551, 20.9401, 58146.7
25.4141, 7.14015, 48.1097, 70877.9
35.4174, 32.4532, 22.4507, 54923.1
40.7651, 19.4311, 32.2026, 55745.3
22.7974, 13.7148, -0.157391, 70662.1
33.0739, 34.0944, 19.4723, 56381.8
11.0068, 32.6032, -16.6264, 105639
50.0862, 12.7739, 44.0813, 74261.3
18.2741, 30.6672, -13.0261, 92792.1
26.6093, 19.7945, 17.2117, 51117.9
16.1825, 30.4394, -9.50881, 88233.2
48.4164, 14.0721, 36.0644, 65491.7
16.9474, 30.1774, -13.5461, 94274.2
25.7106, 21.6336, 15.5834, 51638.4
16.8004, 29.7905, -15.0451, 96924.2
45.6456, 16.5948, 34.829, 60917.3
34.173, 11.282, 55.7773, 76869.4
45.3528, 18.5036, 34.6805, 60206.7
25.9618, 5.8152, 50.7959, 74847.8
25.5819, 8.99868, 49.0872, 70731.9
20.327, 4.57082, 50.7745, 79961.5
32.389, 9.09285, 54.2613, 75617.2
26.3451, 27.8359, 4.73827, 61225.4
38.5254, 29.8609, 28.8143, 56762.2
27.2379, 9.91289, 0.854741, 71194.1
35.7527, 33.4577, 25.0966, 56605.2
45.4388, 17.9801, 35.0113, 60530.8
35.8258, 22.4521, 25.4251, 51414.5
39.4368, 23.9918, 31.1326, 55075
24.9959, 18.2472, 16.8087, 52493.6
20.0731, 5.77208, 53.0515, 81342.4
30.5994, 32.424, 9.69311, 58455
29.3164, 7.73951, 50.2229, 71413.6
31.1787, 22.56, 23.6703, 49856.2
40.7742, 14.3539, 60.3935, 85891.4
14.9509, 28.796, -16.0399, 99668.4
38.3233, 21.9374, 28.3931, 52986.9
48.8104, 9.88474, 43.3335, 73723.4
49.1345, 8.82507, 45.692, 77070.8
31.2074, 7.1686, 54.6103, 77442.9
40.7726, 31.7868, 27.4681, 59253.3
17.3289, 31.1687, -6.95963, 83756.9
30.8356, 32.7919, 17.3237, 55218.9
38.5183, 32.9761, 21.9978, 57113.5
18.547, 31.7961, -7.33535, 83802.6
48.0883, 11.6972, 44.049, 72495.1
31.548, 31.2825, 13.2723, 55358.7
36.0371, 11.2193, 57.1091, 79205.6
26.8904, 14.5863, 0.932852, 67154.2
50.2634, 14.5011, 36.6828, 67933.1
32.147, 7.26885, 54.9315, 77704.9
20.4406, 27.8837, -0.368107, 69750.3
43.3693, 8.04768, 56.2337, 81957.8
33.7001, 32.8092, 19.0535, 55114.1
10.3921, 32.4482, -16.7424, 106387
31.9911, 32.7115, 13.0624, 56835.2
22.9213, 6.06764, 50.9735, 76856.6
46.397, 13.4578, 36.5763, 63803.8
9.48889, 34.2141, -15.488, 108185
49.9542, 13.4636, 41.4144, 71100.8
35.9609, 12.3157, 56.0286, 77055.6
38.7185, 11.937, 60.6895, 86057.1
31.88, 34.1876, 13.0523, 58379
23.724, 17.9021, 10.6421, 56510.7
46.3687, 14.3787, 41.3567, 66842.6
32.4859, 34.4034, 14.6476, 57963
21.1253, 13.7085, 1.49124, 69743.9
27.3573, 25.4248, 4.58791, 60365.9
48.5822, 10.0924, 52.533, 79823.2
10.3993, 32.7689, -17.3601, 107612
22.891, 18.0979, 9.96003, 57544.2
23.6631, 14.3409, 3.18705, 65737.6
20.5157, 28.7967, 2.14947, 67378.3
12.7697, 32.0348, -15.4339, 101594
28.2156, 5.54708, 49.7889, 72745.9
14.7844, 30.8994, -17.8008, 103710
26.9436, 9.38988, 0.273254, 72504.1
28.6926, 31.2176, 6.64157, 60122.2
39.6434, 23.4496, 31.77, 55393.6
42.4745, 10.5944, 56.4617, 80477.6
26.7503, 32.0403, 10.9725, 58140
18.1579, 31.2894, -5.58637, 81123
37.742, 26.7289, 30.6626, 55204.1
35.1392, 29.9216, 16.9852, 53594.1
44.3212, 13.9766, 39.2026, 63526.7
35.2978, 10.3106, 58.9152, 82707.5
24.2297, 16.4512, 7.83234, 59142.2
34.1596, 35.7517, 17.8676, 58899.5
37.6084, 22.0157, 31.6199, 54019.6
38.7372, 35.0864, 28.4518, 61928.4
26.7965, 30.4162, 6.31747, 61148.6
38.4047, 31.7738, 22.2999, 55826.4
14.6642, 31.323, -10.8393, 92058.6
30.3628, 9.78226, 53.8867, 75023.6
35.9839, 34.0252, 18.6207, 57285.5
35.2924, 9.48452, 54.7103, 75943.9
34.6692, 33.0851, 22.0891, 55368.5
27.6879, 14.7861, 2.89914, 64559.6
14.0293, 31.6432, -13.9654, 97816.2
36.557, 29.2537, 29.7589, 55965.6
35.6917, 32.3617, 25.8062, 56549.5
32.6897, 21.9983, 24.6673, 50750.6
46.624, 11.3234, 45.4208, 68684.4
44.8109, 18.8267, 35.399, 60073.9
18.8101, 29.9867, -3.97829, 76443.7
29.7613, 19.3304, 20.1396, 50210.4
25.2801, 10.9321, 0.441867, 71147.4
48.1243, 15.4952, 36.295, 64660.8
43.7422, 6.9496, 54.6643, 80565.2
49.2908, 9.25854, 41.5333, 73269.5
17.2578, 31.7461, -5.25997, 81655.4
12.5948, 29.3891, -15.4137, 100710
34.2584, 10.3672, 53.8424, 74184.6
38.3974, 34.0712, 23.5716, 58301.3
23.1681, 16.7302, 12.9974, 56360.2
49.7073, 8.29438, 47.8558, 76336.6
31.5309, 33.888, 10.517, 59502.8
14.9251, 31.6757, -13.5696, 96422.8
28.4616, 33.0177, 8.18157, 60480.5
25.8714, 19.4499, 16.8446, 51619.7
14.3981, 30.6387, -12.3166, 94336
11.0616, 35.2922, -16.2253, 107942
34.6315, 32.2361, 20.329, 54494.1
21.2013, 29.8427, -3.98848, 76210.3
22.9601, 3.82292, 50.2893, 77906.2
26.3328, 16.6028, 7.30964, 58686.3
23.6515, 28.3615, 0.456433, 67121.8
35.0076, 35.2687, 16.8795, 58845.8
50.0014, 10.6573, 45.8541, 77020
35.6256, 23.7814, 28.9642, 52438.2
18.1543, 2.93218, 52.4328, 84881.1
27.7225, 27.2955, 2.59666, 63126.7
23.8185, 7.41878, 49.4855, 73359
27.8756, 23.2888, 20.3444, 49957.3
34.9846, 22.0628, 24.1195, 50974.8
16.4775, 33.046, -10.5032, 91007.4
37.2091, 32.0883, 19.0595, 55769.7
34.7065, 32.4623, 17.1303, 55531
26.0805, 20.1255, 19.0019, 50973.9
14.0972, 29.9157, -15.5505, 99766
24.3141, 29.1498, 3.40781, 63958
23.3811, 18.3922, 11.7011, 55947.9
39.1167, 23.7892, 27.7904, 53530.7
28.9424, 29.7205, 6.46073, 59327.5
48.4732, 13.6877, 39.1013, 67495.9
18.7078, 29.6916, -1.13385, 72854.9
31.6279, 23.8967, 23.225, 49983.5
46.3564, 13.2792, 34.9886, 63135.4
32.19, 7.89534, 54.2774, 76257.8
27.4316, 21.4983, 23.0099, 50832.9
11.5107, 33.4896, -16.285, 106762
47.251, 8.35575, 46.333, 76169.2
23.7199, 16.5097, 8.58876, 58804.7
32.102, 10.4977, 56.7565, 78923.8
14.793, 29.4758, -17.6398, 102930
26.1438, 11.7273, 0.440006, 70174.2
37.7236, 33.0095, 19.5818, 56883.3
19.4073, 5.90955, 51.1055, 79315.3
29.2891, 8.71938, 49.4033, 69786.6
30.1674, 20.0822, 21.4118, 49955.9
22.4607, 16.7731, 10.4631, 58143
26.8855, 11.5903, 1.09154, 69328.6
24.6553, 8.19836, 48.6395, 71267.4
16.617, 32.4008, -12.3064, 93417.6
48.4662, 11.5172, 39.7261, 69050.4
29.777, 33.3908, 12.5342, 57660.5
31.7003, 21.5593, 25.0065, 50078
48.2257, 14.9383, 38.473, 66328.9
49.3458, 10.5911, 44.3739, 74831.8
22.1081, 4.61948, 50.0968, 77574
35.4877, 26.4126, 29.715, 53821.5
29.4662, 32.4265, 11.4102, 57297.7
18.5766, 31.9074, -6.15247, 82117.3
47.4333, 11.3801, 41.0961, 69043.4
40.1119, 21.0782, 30.9108, 54856.4
25.2627, 11.2191, -0.924965, 72672.2
33.9918, 32.2099, 16.5479, 55239.6
28.534, 30.0759, 3.90108, 62945.3
25.6253, 16.5116, 16.5628, 53062.8
38.3579, 22.5703, 28.5125, 53092.8
44.1548, 8.39845, 54.7176, 79933.3
38.5177, 32.4502, 25.3555, 57667
23.0714, 20.3626, 13.2529, 54955.2
35.6964, 25.1064, 28.8674, 52812.1
19.2973, 30.1707, -7.26702, 82375.3
22.545, 17.6377, 14.9834, 55568
37.2356, 31.5181, 19.6493, 55135
35.5816, 32.625, 17.7364, 55854.5
28.3261, 21.8675, 17.1662, 50239.7
17.0295, 29.7039, -8.26852, 85374.8
50.167, 13.0555, 39.7043, 70245.3
16.6611, 30.5474, -16.2757, 99472.2
30.9127, 33.7846, 11.6165, 58595.6
45.3277, 14.9785, 37.4768, 62634.1
26.392, 13.9739, 2.57635, 65684.5
24.3791, 16.1867, 5.20482, 61507.6
24.71, 27.3514, 3.95012, 62358.1
20.2039, 27.7967, 0.881613, 68487.9
29.1831, 22.6526, 20.1133, 49481.5
34.5945, 35.2438, 17.4764, 58482.3
26.9338, 32.9584, 12.3669, 58286.8
49.1394, 9.92723, 52.1772, 80016.1
15.0043, 30.4696, -18.768, 105233
23.5461, 14.4495, 12.0747, 58066.9
26.7633, 21.4896, 15.7952, 51116.7
45.264, 9.44162, 57.7635, 85081
33.6402, 33.586, 15.0388, 57163.8
29.1239, 32.0076, 11.337, 56974.7
22.5375, 4.34337, 53.0124, 81306.3
29.126, 6.24768, 49.6964, 71957
24.2795, 7.90287, 48.8968, 72017.3
49.598, 10.2196, 41.7764, 73083.1
25.6227, 17.4848, 16.2547, 52604.5
23.5384, 13.7015, 1.61283, 68060.9
41.7781, 12.7304, 59.9445, 85727.5
16.1642, 28.4921, -15.6862, 98100.8
35.8584, 8.95248, 56.2673, 78798.5
26.9423, 28.9017, 6.00861, 60413.6
45.0229, 8.48035, 52.6675, 77581.6
30.2489, 5.41285, 50.4518, 73308.4
48.986, 14.0273, 39.7414, 68399.9
35.9722, 33.6781, 23.7269, 56622.2
29.0848, 22.5661, 21.0804, 49970.2
33.3414, 22.5008, 27.2463, 51502.5
16.5924, 31.245, -11.9128, 92136.1
45.0098, 15.6213, 38.0603, 62542.2
17.4484, 32.4331, -9.49229, 88342.5
27.3298, 21.374, 18.153, 50279.1
34.2493, 22.3161, 27.1405, 51504.6
22.1918, 30.1426, 0.606665, 68669.6
50.9374, 7.86704, 50.0875, 80599.2
21.7092, 32.0107, -1.55657, 72854.6
28.1414, 22.8734, 17.1326, 50204.6
24.9486, 15.058, 10.4121, 57744.4
10.0416, 35.7511, -18.1867, 112796
35.2078, 24.6837, 29.1043, 52668.9
42.8213, 10.812, 59.2138, 85513.8
36.5353, 30.8096, 28.6472, 56657
26.1076, 13.9394, 1.58909, 66935.4
33.4498, 10.9779, 56.6889, 78514.7
29.3892, 19.2605, 17.6926, 50432.8
27.4546, 18.6972, 15.4241, 51632.2
21.5851, 29.7352, -2.01075, 71971
41.6895, 22.2816, 32.027, 56666.6
46.0204, 13.659, 38.3307, 64385
48.3979, 12.8622, 38.9655, 67704.5
25.7318, 15.5046, 13.6502, 55222.2
28.6263, 22.0981, 17.9835, 49868.8
27.6525, 29.5933, 3.2227, 63559.5
39.5572, 19.7413, 34.0665, 56094.7
33.5503, 23.8154, 26.5587, 51458.7
19.6725, 29.2244, -5.47487, 78930.4
49.615, 13.602, 37.8901, 68134.3
37.4221, 33.0621, 25.9997, 57920.8
48.1945, 13.9498, 42.0466, 69421.7
28.0238, 29.9782, 9.84561, 56798.4
28.0001, 12.2772, 0.617174, 69204.2
28.2645, 14.1495, -2.63574, 72345.8
18.6097, 31.2167, -7.75864, 84074.3
27.4554, 29.6246, 7.35466, 59564.5
32.5173, 9.31105, 52.1285, 72238.6
23.9726, 17.6506, 8.23705, 58266.6
29.1978, 23.2805, 18.969, 50086.9
25.0841, 26.1417, -1.11428, 67917
15.9878, 30.0045, -11.1915, 90895.1
25.3628, 28.0985, 2.32057, 64195.1
30.4115, 21.4079, 16.8581, 49997.7
48.5375, 15.8681, 40.0859, 67643.8
25.3213, 13.4885, 2.71519, 66197.4
32.5459, 22.0574, 20.9246, 49757.3
36.4948, 31.6058, 18.5446, 55103.9
36.5251, 24.4429, 27.8958, 52402.8
46.1215, 9.56781, 54.0974, 79925.4
24.3643, 14.9761, -1.10522, 70335.9
34.6288, 8.98743, 54.9644, 76586.9
35.8832, 21.9763, 26.2713, 51369.9
24.7714, 16.9876, 9.28314, 57412
33.1518, 22.5012, 25.882, 51049.8
34.7952, 10.8497, 53.8123, 73946.9
19.2562, 30.7749, -9.29664, 85974.2
27.049, 31.5346, 8.08139, 59441.5
24.2915, 12.5682, 0.302943, 70236.7
34.9246, 11.7108, 55.0694, 75563.3
19.6117, 31.3133, -10.0144, 87230.7
19.0221, 31.7448, -10.8132, 89070.2
35.8501, 33.2765, 16.9979, 56884.7
35.1946, 33.5907, 18.462, 56512.3
27.9728, 13.8784, -0.454735, 69381.4
20.7758, 29.9911, -2.16024, 72767.8
25.4848, 29.1584, 4.08236, 62819
10.5096, 30.7426, -19.0575, 112203
35.7135, 31.9679, 19.0592, 54928.3
47.3852, 9.25914, 46.6366, 75944.6
44.2232, 15.5862, 39.0413, 62666.7
28.4099, 13.7941, -2.04984, 71694.9
37.9257, 33.5383, 28.4438, 59670.3
18.2782, 30.6641, -11.8134, 90650.7
18.3571, 1.74967, 53.4789, 87236.2
23.1414, 8.36189, 47.9594, 71472.7
16.1065, 31.0067, -7.78974, 85877.4
29.1518, 23.8445, 21.8626, 50234.2
27.3082, 32.2282, 13.2034, 56692.3
25.0943, 13.7003, -1.28532, 71172.9
32.7869, 8.32439, 55.4921, 77921.9
37.0872, 11.0602, 58.1788, 81316.3
16.0601, 30.6176, -16.9326, 101086
30.428, 8.32704, 48.7665, 68920.2
22.031, 6.58704, 47.891, 73555.4
47.8141, 7.31286, 50.1443, 77561.4
27.0563, 27.763, 5.79306, 60009.3
31.4985, 6.3274, 53.0105, 75671.5
10.7311, 31.9991, -18.8926, 111882
29.0184, 20.868, 22.0726, 50102.4
29.2126, 30.8149, 5.48268, 61062.3
30.9522, 20.9029, 24.3558, 50033.9
36.3017, 28.948, 27.6791, 54605.4
18.4201, 32.2411, -6.93507, 83576.6
30.6414, 22.0415, 20.5979, 49711.8
19.6017, 31.1856, -6.98872, 82283.2
47.5215, 10.2751, 45.7653, 74477.6
30.1128, 30.9171, 8.37495, 58450.5
44.055, 8.79983, 57.539, 84109.2
43.0288, 8.05198, 59.1569, 86602.8
26.395, 16.1488, 3.0731, 63178.4
43.6772, 16.3879, 33.7691, 58721.6
28.4625, 30.6972, 6.10654, 60355.3
37.409, 31.6676, 23.032, 55113.2
28.3668, 23.4454, 18.787, 49935.1
12.9255, 29.8413, -19.3081, 107652
31.0798, 23.4584, 20.3206, 49833.6
46.4975, 15.0042, 34.7911, 62331.1
29.6503, 20.0349, 16.3193, 50573.1
31.562, 32.1221, 10.8056, 57557.2
22.3942, 26.1803, 0.361574, 67091.5
25.6261, 5.23118, 49.98, 74504.2
21.4466, 17.7903, 13.9663, 56777.7
29.0495, 33.6258, 10.4025, 59488.1
24.1759, 8.28184, 49.8602, 73034.7
44.9906, 7.52221, 54.1648, 80317.9
25.5945, 18.1406, 6.68584, 58704.6
32.9499, 10.0752, 56.3027, 78314.4
22.9734, 29.8437, -1.81578, 71082.4
29.7131, 9.14294, 48.6057, 68454.1
26.3887, 13.5264, -1.36678, 71087.1
17.5203, 31.414, -3.48222, 77711.2
27.9129, 8.10088, 50.5172, 71829.9
34.156, 12.3673, 54.6452, 74703.1
42.0587, 13.0078, 60.8262, 87492.4
34.1605, 32.9617, 20.5725, 55102.6
27.9086, 12.2228, 2.55461, 66907.9
49.4147, 7.46899, 50.5204, 79610.5
19.6126, 29.6645, -1.5652, 72637.6
31.3886, 33.0628, 16.8491, 55604.4
22.0578, 4.58228, 51.4055, 79287
24.0934, 11.041, -0.821224, 73137.5
36.2333, 21.0642, 28.9739, 52328.6
32.4274, 32.7203, 14.417, 56254.2
19.0041, 32.6755, -7.92389, 84980.2
22.375, 15.2635, 13.1588, 57761.7
24.8873, 27.5996, -0.360897, 67407.9
27.396, 9.50832, -1.13518, 74142.2
12.2364, 34.7912, -17.1834, 108075
48.3679, 10.7284, 40.7569, 70567.3
16.786, 29.4529, -14.3669, 95610.9
19.4709, 28.6013, 0.476219, 69855.4
27.3546, 19.9793, 15.8673, 51117.4
31.5083, 8.36785, 49.9833, 70144.3
49.6748, 10.1997, 47.1734, 78321.6
25.3411, 12.7021, -1.91333, 72754
26.3756, 28.317, 2.14374, 64261.4
20.3035, 32.9834, -3.378, 76722.2
26.0525, 16.1561, 5.38486, 60775.7
41.9397, 14.4347, 59.9521, 85635.8
35.8802, 31.9629, 25.3455, 56052.9
39.0149, 21.7885, 32.436, 54905.2
26.2348, 10.1281, -1.55147, 74292.4
26.3766, 12.5761, 1.95323, 67523.3
37.2749, 31.576, 28.2522, 57306.8
18.5045, 33.2918, -10.5498, 89806.8
24.4857, 29.0075, 2.0386, 65264.7
39.0453, 23.4994, 28.9367, 53725.4
50.581, 7.38617, 49.4065, 79694.3
26.2443, 17.4232, 14.1201, 53053.7
22.7447, 29.0451, -1.22718, 69930.5
28.8272, 18.6296, 16.8269, 50942.6
13.1978, 28.2022, -17.5081, 103659
27.6536, 6.99754, 51.5806, 74382.4
20.6326, 1.92281, 52.5008, 83730.8
34.4099, 22.7148, 29.2985, 52148
29.0832, 34.3819, 8.21239, 61865.4
23.6122, 17.597, 5.8235, 60589.6
24.9056, 18.0504, 12.7025, 54660.9
22.2411, 6.9759, 48.3918, 73667.3
43.9681, 8.49743, 52.8549, 77051.2
50.1347, 12.1245, 39.7952, 70729.5
41.0995, 20.0233, 32.6707, 56142.1
17.9775, 0.883042, 52.2033, 86900
41.6819, 17.8725, 33.9046, 57423.5
32.8318, 34.5865, 17.7335, 57201.5
45.9859, 6.99408, 53.4889, 80636.3
40.6073, 29.8295, 27.956, 57735.7
38.0886, 34.3756, 21.4077, 58401.6
25.7065, 21.0172, 15.1038, 51831
24.1219, 20.0432, 15.0636, 52884.4
31.438, 10.4242, 56.6871, 78971
17.389, 31.8456, -1.51252, 75811.9
38.0186, 35.2253, 22.7434, 59327.2
30.6084, 33.305, 8.0801, 60882
21.3228, 6.18635, 52.9121, 79714.4
35.993, 32.044, 17.2082, 55667.6
45.9492, 7.05581, 54.7833, 82342.8
46.5546, 18.1047, 36.1843, 62339.8
11.3578, 33.717, -20.0746, 113894
40.0674, 30.1551, 29.5378, 58299
47.5144, 13.2682, 38.1088, 65989.7
26.9932, 8.03119, 49.1818, 70628.7
27.8823, 20.6738, 21.1271, 50400.3
40.7642, 18.643, 33.2294, 56356.2
19.4863, 32.5465, -9.03756, 86352.9
41.1507, 10.3856, 59.3721, 85030.2
23.9452, 15.9107, 5.78649, 61378.6
27.5719, 19.7864, 14.7119, 51532.8
34.4387, 12.2171, 56.5672, 77901.4
31.8608, 20.341, 24.2788, 50020.2
28.721, 20.8715, 16.1573, 50545.2
9.51387, 34.0585, -17.9912, 112332
23.5196, 15.2428, 9.97304, 58644
17.841, 29.6701, -1.77984, 74368.5
32.4288, 22.3746, 25.2773, 50870.5
22.8425, 6.2846, 48.6525, 73977
32.5748, 11.1262, 55.1502, 75920.7
25.1664, 12.9183, -0.711357, 70956.3
13.903, 27.5081, -16.3843, 100904
31.4345, 21.3213, 26.0347, 50884.2
28.6412, 8.01907, 47.9716, 68432.2
42.1069, 12.1681, 59.8583, 85865.3
34.3109, 30.0636, 18.258, 52963.7
45.2483, 17.3039, 32.9126, 60053.1
17.5827, 30.8449, -14.7665, 96342
26.155, 16.226, 12.5707, 55101.3
47.2973, 7.02136, 48.9514, 75900.4
37.1377, 30.817, 25.4373, 55473.9
40.8387, 19.9386, 34.4219, 56993.6
37.9214, 24.3268, 28.8233, 53297.8
25.3419, 20.1962, 17.8588, 51455.2
40.4503, 11.7342, 60.4818, 86351.4
46.1231, 8.97666, 46.3853, 70625.7
37.3195, 23.2302, 31.9311, 54350.9
17.0511, 28.8658, -10.2068, 88164.3
17.4833, 29.7982, -11.3334, 89992.2
39.6585, 34.8157, 26.8627, 61488.7
30.4581, 31.8477, 7.7576, 59766.2
39.5521, 30.5687, 25.8437, 56747.9
22.9199, 16.6389, 6.93418, 60549.8
29.3746, 30.2461, 8.49199, 57812.6
36.4664, 34.1875, 19.7372, 57480.2
19.0682, 5.38493, 51.9572, 81154.3
20.5702, 28.2442, -2.09039, 71988.9
14.8592, 31.099, -14.0549, 97026.3
31.9291, 8.94555, 53.7359, 74973.1
22.288, 18.9827, 7.38866, 60141.2
30.7248, 34.5983, 15.9735, 57637.2
19.1904, 2.21432, 50.9305, 82749.7
25.4138, 11.3864, -1.50609, 73274.3
42.4811, 10.5256, 58.5054, 84165
27.2496, 17.6246, 14.1174, 52646.8
16.8921, 30.3112, -9.28139, 87278
36.6153, 21.6148, 28.3896, 52218.6
45.3189, 8.47986, 56.5949, 83684.2
47.7393, 7.94841, 53.8077, 82065.8
22.1951, 27.9069, 0.601578, 67460.2
24.5861, 7.07667, 47.7249, 71032.2
24.7863, 15.6124, 1.2358, 66674.4
11.016, 34.692, -16.8229, 108734
37.8403, 32.7963, 23.601, 57361.2
17.7393, 32.551, -5.89362, 82674.8
48.2569, 7.6528, 51.3988, 79342.4
43.0524, 17.8774, 37.7298, 60341.5
26.8489, 17.1444, 7.42872, 58172.8
38.9845, 22.7038, 27.993, 53334.1
37.3223, 25.8935, 30.2385, 54350.8
23.308, 15.5578, 6.16725, 61609.5
31.5349, 8.50539, 51.4844, 71982.4
47.957, 9.17618, 52.4662, 79532.7
28.345, 7.90088, 50.1818, 71612.8
22.6439, 17.1404, 4.52427, 62698.6
32.5598, 34.8093, 14.1777, 58670.9
44.0089, 10.7181, 52.0534, 74819.5
18.3785, 29.3215, -7.2231, 82571.4
33.9244, 31.9068, 18.1247, 54460
47.3868, 15.7939, 35.6563, 63401
50.6187, 9.91872, 43.6021, 76089.2
48.9088, 8.6202, 46.3744, 77670.3
42.0197, 18.5525, 34.8153, 58071.5
28.2052, 20.6535, 17.9949, 50227.9
25.5913, 17.3803, 12.2594, 54857.7
29.3354, 21.6869, 23.5308, 50217.9
25.6085, 16.3888, 14.2043, 54496.7
44.2123, 17.4043, 36.8208, 60615.1
13.4997, 29.3842, -17.8035, 104202
38.3522, 30.9977, 28.5745, 57399.7
22.5103, 28.1808, 2.03071, 65788.2
31.1354, 33.1568, 15.6329, 56116.3
27.6633, 22.9817, 19.4039, 50080.7
14.8776, 29.631, -15.029, 98136.8
35.4207, 23.0809, 25.7563, 51398.2
26.0295, 30.8, 9.86365, 58017.4
49.7106, 15.4816, 37.4334, 67296.5
22.281, 14.1695, 11.0758, 59694.9
20.1277, 29.3616, -2.95202, 73882
19.8198, 2.83704, 51.1658, 81804
28.1029, 21.5138, 23.1174, 50571.5
29.3324, 23.0645, 18.2502, 49732.4
33.6109, 35.8436, 20.2462, 58581.7
22.0668, 5.97393, 52.5878, 79775.5
48.1545, 6.70338, 50.4801, 78817.6
21.4651, 3.48072, 52.9279, 82786.2
38.6626, 12.569, 59.7153, 84057.5
38.1971, 35.2103, 27.0717, 61215.3
29.4304, 6.76969, 51.779, 74134.2
28.3078, 23.0863, 21.3846, 50296.6
43.6259, 17.0009, 34.4026, 58788.8
14.2512, 29.9593, -11.228, 92476.6
13.3314, 29.4408, -16.2469, 101527
19.7473, 29.2024, -3.90483, 75305.3
26.9488, 28.0921, 3.02552, 63030.1
14.5441, 32.631, -19.2016, 108788
23.0048, 18.3897, 4.15856, 62855.7
24.7433, 16.9902, 14.4724, 53803.9
24.1168, 13.4257, 0.417533, 69473.7
48.7173, 10.6476, 42.0066, 71987.8
45.374, 14.1857, 38.8365, 63944
28.5261, 27.2871, 4.93621, 60491.9
31.5771, 23.8301, 20.8448, 49884.1
39.7122, 10.6916, 61.1172, 87607.6
24.4971, 16.0629, 9.21687, 58099
40.3752, 23.7753, 29.6477, 54938.5
35.4615, 12.8105, 57.8024, 79963.9
35.3181, 33.8176, 22.0122, 56347.4
48.817, 8.94549, 48.699, 75761.4
26.1486, 17.6009, 4.62754, 60735.8
23.509, 15.5918, 12.1062, 57197.9
30.8085, 23.0872, 19.4072, 49854.4
48.1499, 13.9421, 44.4004, 71643.5
39.306, 34.8286, 28.9172, 62158.3
35.2126, 35.5764, 18.5583, 58867.2
36.0284, 35.0387, 21.1125, 58080
25.065, 7.09608, 51.5199, 75378.3
48.0554, 8.01468, 49.5227, 76535.7
20.4869, 31.7423, 0.509635, 70983.3
27.1934, 29.3149, 2.79434, 63914.8
39.8797, 13.808, 59.4482, 83783.7
50.4665, 10.1975, 47.8673, 80013
27.7742, 31.5657, 13.2633, 55916.4
26.6217, 13.6321, 1.19309, 67541.4
39.4479, 33.2509, 25.3221, 59096.9
25.5133, 17.1836, 14.3026, 53389.8
47.5586, 9.34019, 42.8975, 72467.9
25.9558, 32.6206, 11.4363, 58790.3
44.8935, 13.4081, 36.5529, 62463.5
36.9035, 21.4229, 30.5117, 53143.4
35.6522, 31.5883, 19.7686, 54412.8
15.8426, 28.6893, -16.2478, 99390.5
37.908, 31.6415, 28.9408, 57992.3
25.5807, 12.6929, 2.20924, 67331.9
25.3358, 15.1743, 12.3516, 56226.1
25.2606, 15.7754, 10.0453, 57373.8
37.0933, 27.4103, 29.6718, 54798.5
49.1886, 16.3307, 37.7179, 66622.9
38.5472, 34.1491, 25.2068, 59526.3
43.6471, 11.1535, 57.9556, 83466.8
42.6165, 8.32953, 58.6946, 85672.6
20.4727, 6.48869, 50.7559, 77421.9
49.6073, 10.9422, 49.7092, 76844.7
21.9739, 17.7103, 10.0464, 58334.7
39.5544, 29.8522, 25.5672, 56126.5
30.7948, 33.8463, 15.5261, 56903.2
26.3563, 7.26835, 50.8693, 73628.1
42.1608, 10.05, 55.0356, 78273.1
13.0816, 28.498, -15.9373, 100974
16.2903, 30.1977, -8.86769, 87067.6
22.2746, 13.5512, 0.596359, 70144.8
32.8797, 21.6947, 28.1759, 51883.5
26.4578, 15.3422, 3.61438, 63040.2
31.6572, 9.76347, 54.3158, 75500.2
18.4839, 32.4672, -12.2764, 92283.2
39.0904, 12.4505, 58.4749, 81972.5
28.0162, 19.0857, 14.4663, 51748
34.3359, 31.314, 18.2845, 53993.3
22.7197, 15.6864, 7.71227, 60596.2
23.4714, 27.522, -1.03661, 68778
28.3655, 32.5849, 10.262, 58619.4
14.9485, 29.2383, -14.5352, 97091.6
21.0493, 3.95078, 51.5266, 80817.8
39.3993, 20.1636, 33.4543, 55611.2
10.8996, 34.9647, -14.7525, 105583
21.7527, 27.4221, 0.390412, 67783.3
27.5188, 29.3387, 8.56777, 57347.4
27.0884, 33.3628, 7.99088, 61249.5
17.4018, 33.3949, -11.8069, 92691.9
42.5387, 17.7981, 36.635, 59186.7
38.9776, 32.3244, 27.923, 58722.7
31.1944, 31.1062, 9.8951, 57257.9
21.3939, 30.1471, 0.076822, 69735
14.5537, 31.1539, -17.2974, 103034
36.926, 26.9691, 27.3005, 53438.9
37.8437, 28.54, 27.5557, 54889.4
24.6109, 16.0767, 2.46382, 64442.4
28.3265, 26.4765, 4.67674, 60482.3
38.8677, 28.693, 28.7449, 56029.6
33.8469, 8.23164, 53.6416, 75056.3
20.3736, 29.3006, 0.462636, 69499.8
16.7161, 29.4721, -11.6205, 90880.7
27.0737, 18.2549, 15.8253, 51787.8
24.7946, 5.25468, 51.3663, 76746.7
20.8246, 28.8, -1.4593, 71247.2
41.5751, 20.6543, 35.1988, 57975.4
39.8429, 32.1016, 25.6903, 58274.7
24.4978, 16.2944, 6.20896, 60475
39.503, 23.0844, 30.1336, 54366.7
36.8434, 29.9171, 28.7796, 56051.2
18.8726, 32.0695, -4.66253, 78612.3
12.7791, 32.1072, -19.1124, 108255
22.9723, 14.4378, 1.18786, 68351.4
33.4906, 8.45594, 55.9102, 78449.6
44.6535, 16.5672, 34.6824, 59925.5
26.8321, 26.0727, -0.005692, 66110.1
11.9485, 33.8439, -18.5976, 110527
19.9299, 31.3501, -1.11423, 72922.9
23.9319, 17.0466, 2.53681, 64712.5
49.4514, 16.3232, 38.9973, 67816.6
21.3165, 30.6037, -2.62082, 73418.3
25.6078, 29.1316, 6.00023, 60971.2
31.62, 9.06671, 55.3957, 77398.4
32.8344, 32.8354, 19.3573, 54972.9
37.313, 33.9504, 24.7936, 57731.1
30.4592, 23.075, 23.7737, 50043.4
49.3746, 10.6378, 40.5559, 71612
20.9058, 26.6149, -0.34132, 69003
40.6141, 22.3565, 33.5085, 56554.8
22.9795, 5.12507, 50.9858, 77584.9
21.9696, 29.9541, -1.06494, 70644
40.4185, 25.194, 30.3255, 55765.8
36.0508, 31.4551, 21.2879, 54244.6
23.9228, 6.1033, 50.7969, 75885.6
23.4463, 16.6074, 3.33772, 63731.5
23.9858, 14.8966, 4.79685, 62979.7
47.6776, 9.90098, 50.1489, 75801.8
27.0685, 26.1279, 5.75677, 59439.9
26.1964, 30.0443, 5.55921, 61749.4
13.7358, 31.3671, -19.11, 109020
28.0556, 19.9844, 15.4442, 51086.7
12.4264, 33.0577, -16.2527, 103878
46.515, 13.3451, 35.8421, 63629.3
18.9233, 32.7468, -10.232, 88692.4
29.2461, 5.8193, 52.9394, 76567.6
42.9225, 8.70244, 61.0975, 89977.5
27.722, 26.3437, 1.46012, 64221.2
23.8822, 26.7369, 0.929918, 65780.3
33.2634, 23.8584, 27.0761, 51656.3
33.7838, 23.2859, 26.9712, 51517.4
31.5793, 21.1019, 19.7644, 49832
36.5661, 24.3584, 28.8349, 52760.5
43.9933, 8.87893, 55.8825, 81320.4
49.6668, 11.1056, 48.3419, 75176.8
35.6661, 28.9835, 29.5697, 55424.1
35.7052, 32.4359, 27.734, 57398.2
37.8212, 26.7888, 29.3038, 54548
39.7989, 31.6489, 29.1562, 59147.7
27.9281, 27.9533, 6.31074, 59481
24.959, 13.8177, -0.518372, 70077.2
28.1511, 32.3232, 13.2131, 56534.4
21.5021, 3.63087, 52.1904, 81617.6
47.3522, 7.82972, 51.6147, 78600.6
42.596, 9.55099, 60.5664, 88393.5
26.2309, 28.3309, 4.22811, 61996.7
39.0591, 18.4475, 33.5742, 55722.7
42.2506, 8.48359, 58.4344, 84915
28.8861, 32.745, 6.99028, 61177
34.077, 33.5465, 17.1823, 56421.9
40.1171, 22.2038, 33.3275, 56104.2
36.821, 32.334, 18.2321, 56051.5
50.927, 10.8754, 47.1466, 75565.8
24.6891, 18.7356, 12.369, 54680.7
36.9306, 34.4065, 22.5412, 57713.1
47.296, 13.4336, 41.3898, 68096.9
28.7802, 28.6475, 5.3132, 60728.3
32.9349, 31.1025, 16.8362, 53913.6
44.6176, 18.2105, 37.5926, 61442.3
20.0503, 5.97317, 50.2222, 77563.7
15.8956, 29.5988, -16.2942, 99682.9
41.7717, 12.801, 58.6755, 83404.5
41.7202, 17.8294, 36.9072, 58874.8
34.904, 34.1037, 19.818, 56742.2
46.805, 14.3047, 36.3933, 63710.2
34.4749, 22.807, 28.4545, 51842.1
36.0718, 22.5887, 28.4927, 52134.1
35.9425, 12.2007, 59.0302, 82345.6
12.7932, 32.1262, -18.2912, 106722
44.7772, 17.4678, 34.1606, 60073.1
28.1651, 34.6503, 9.80469, 61148.6
48.0127, 12.4468, 43.8658, 71867.6
47.7918, 13.0943, 42.3318, 69558.3
28.004, 11.8462, -0.347088, 70835.1
29.2519, 31.7404, 6.30115, 60884.4
25.6007, 13.6745, 5.38803, 62673.3
16.3417, 29.9078, -17.0182, 100844
25.1906, 19.0862, 16.172, 52215
27.6521, 18.7708, 16.5965, 51203.7
31.0404, 5.42797, 52.3834, 75654.2
49.9148, 16.294, 39.5812, 68832.8
29.6384, 32.5555, 12.3307, 56913.2
26.949, 26.7907, 3.25794, 62256
34.3749, 31.1574, 17.1086, 54242.6
24.0439, 26.2848, 3.63746, 62624.1
47.2678, 16.4952, 38.0476, 64589.7
37.82, 23.0198, 29.6995, 53341.6
42.214, 12.2443, 60.7917, 87652.8
25.7668, 32.0965, 10.7027, 58764.1
25.4034, 26.0596, 5.0209, 60582.9
46.7196, 8.30969, 54.3821, 81586.8
42.2601, 9.44711, 55.6256, 79525.9
26.0735, 26.1391, 4.81403, 60590.3
24.806, 19.437, 4.80691, 60334.9
34.862, 31.7576, 22.9096, 54137.5
27.3092, 6.28008, 49.9083, 72661.7
41.5995, 18.0721, 35.886, 57964.6
43.5289, 9.19977, 58.3213, 85130.9
18.0829, 29.8653, -8.86149, 85603.9
17.5086, 32.929, -13.0486, 94435.9
31.9789, 32.1961, 8.77922, 59249.6
19.1823, 30.3958, 0.739656, 70792.9
23.6534, 12.2933, 1.83467, 68900
47.7753, 8.48939, 47.0324, 77299
31.9889, 22.1595, 18.7841, 49988.3
48.7688, 8.52452, 49.3841, 76779.6
15.5811, 31.2005, -16.2155, 100333
29.0157, 28.9224, 3.45585, 62890.1
35.992, 31.0505, 17.3868, 54723.5
19.517, 3.38914, 50.1504, 80316.6
48.4094, 10.3573, 47.3728, 72989.6
47.0472, 8.74931, 47.0857, 76476.5
35.0465, 34.8972, 21.3665, 57557.5
48.6126, 13.0031, 44.4683, 72863.7
32.2841, 22.2109, 22.6074, 50470.2
36.4154, 35.5573, 21.0019, 58908.5
31.8771, 32.0561, 18.4742, 54275.2
29.35, 7.63702, 51.4225, 73043.4
38.4882, 20.2961, 33.3124, 55139
48.0574, 18.2389, 39.0955, 66087.5
39.8322, 10.4458, 56.6021, 79756.4
42.8562, 7.14331, 54.881, 80275.1
28.3097, 33.1262, 9.16763, 59885
30.542, 7.68947, 55.8461, 79217.8
41.8822, 19.4452, 35.1675, 58148.1
48.178, 8.88872, 45.3643, 75690.6
46.1681, 8.59729, 49.9743, 74922.4
48.2144, 16.8195, 38.5948, 65968.6
17.5788, 29.2324, -12.7231, 92150.7
38.4491, 33.5087, 24.4486, 58581.4
37.188, 32.4695, 26.3957, 57354.9
13.7718, 32.3949, -14.3431, 99054.5
33.4389, 31.6824, 16.133, 54784.9
41.7696, 9.05817, 58.0264, 83609.7
38.4492, 10.676, 61.2369, 87434.6
50.3582, 9.07005, 49.0586, 77885.9
24.4463, 19.7882, 14.4161, 53666.9
41.1632, 18.4868, 34.834, 57546
28.9437, 20.7921, 19.7326, 50050
27.5748, 5.75309, 50.0095, 73108.5
40.7673, 10.6619, 61.1079, 87975
19.3401, 28.6785, -5.95478, 79814.3
30.2485, 23.9663, 18.1479, 50220.1
36.5923, 31.5827, 21.1968, 54615
38.9122, 29.8993, 25.9588, 55798
49.2428, 9.13359, 52.4702, 80931.4
48.8416, 12.6961, 44.8573, 73630.8
17.7144, 31.9049, -13.7861, 95010.6
25.7224, 16.7364, 3.26475, 62798.7
29.2049, 6.53928, 51.3111, 73753.4
30.1152, 21.6335, 18.2307, 50001.8
49.4066, 9.46877, 46.3256, 77552.2
25.1293, 15.0503, 13.7238, 55778.1
14.5505, 29.9516, -10.4226, 90931.4
28.1372, 31.7012, 7.12589, 60138.2
43.1306, 16.7448, 35.4363, 59045.6
29.1219, 27.9093, 5.01061, 60684.4
38.6957, 34.1995, 27.5042, 60400.4
31.4998, 7.12512, 52.9884, 75010.1
17.4262, 32.76, -7.76742, 85832.3
26.8943, 6.09073, 48.0908, 70871
34.1655, 21.9126, 24.3237, 50796.7
26.2473, 27.3234, 6.48016, 59418
26.9478, 8.84148, 49.6781, 70779.5
35.8213, 34.384, 24.388, 57558.4
13.5624, 29.0381, -15.3373, 99611.7
21.9782, 16.0083, 8.4297, 60365.3
19.4364, 29.1868, 0.91843, 69700.1
36.0966, 31.9417, 20.6992, 54747.6
41.3785, 11.0176, 54.8828, 77233.7
37.6592, 21.1381, 28.9693, 52689.6
12.3686, 30.6569, -15.0922, 100779
43.141, 19.5179, 35.5375, 59255.2
39.7443, 28.9862, 27.4339, 56270
31.1229, 7.54347, 50.578, 71527
28.3814, 23.6387, 17.9777, 50074.2
37.3037, 31.8046, 20.7862, 55253.7
42.6969, 10.8239, 54.0881, 76825.7
28.3762, 8.99793, 48.793, 68850.7
27.9541, 30.4271, 10.9822, 56445.4
26.5018, 12.1871, -2.2956, 73438
27.8341, 20.6769, 16.054, 50779.9
29.9486, 20.934, 22.188, 49899.6
32.5343, 20.6876, 21.1408, 49875.2
26.3116, 16.4733, 11.8216, 55314
10.3959, 33.3444, -18.2283, 111454
44.0912, 7.93621, 56.7535, 83356.2
45.7995, 7.48476, 54.364, 81283.6
15.7476, 29.3925, -18.4622, 103812
49.7558, 14.3151, 43.8993, 73162.6
47.4967, 15.1375, 40.3123, 66853.7
18.9006, 30.2655, -1.06227, 72939
27.6338, 12.7833, 0.453173, 69013.8
32.1444, 32.642, 17.9665, 54923.1
18.6338, 28.627, 1.26489, 69765.9
36.9863, 10.878, 54.6474, 75444.4
24.6713, 17.875, 3.89515, 61885
34.5508, 11.171, 59.3866, 83241.4
27.6103, 14.4728, -1.80485, 71417
20.9055, 5.28235, 48.7578, 76451.6
28.597, 20.0875, 17.1488, 50431.5
24.2469, 19.0075, 16.2227, 52789.7
42.6453, 11.4843, 59.7099, 86094.2
23.1787, 13.9441, 11.916, 58787.8
18.8155, 33.1966, -11.36, 90897.1
20.6577, 27.3674, 0.757116, 68121.2
19.0592, 29.433, -5.27604, 79107.6
19.2709, 29.4444, -2.38834, 73787.1
26.2643, 13.9963, -2.26017, 72575.3
26.8504, 30.0319, 6.85031, 60406.2
24.3327, 14.8421, 0.740353, 67965.8
33.6803, 7.62367, 52.3684, 73564.1
42.369, 8.84485, 60.3014, 88123.8
26.9173, 23.5192, 20.7564, 50520.6
17.2721, 29.0075, -14.6674, 95742.5
16.4921, 30.3075, -7.21566, 84391
26.8126, 18.0444, 15.1329, 52184.5
37.79, 32.7285, 28.2136, 58667.9
44.1559, 15.9917, 34.7693, 59720.3
45.3547, 8.37388, 53.8557, 79582.1
27.6396, 24.112, 20.1476, 50208.1
22.9308, 25.6763, 0.547006, 66417.8
40.327, 22.2096, 32.1856, 55740.9
25.444, 15.0595, -0.221897, 68686
38.8137, 13.0958, 57.6308, 80262.3
48.5308, 14.0731, 43.6455, 71257.6
44.539, 16.9224, 38.2966, 62029.2
31.9952, 33.3349, 15.0477, 56535.4
29.9626, 32.1523, 8.30289, 59523.2
47.4735, 11.0783, 42.7556, 71054.4
36.5839, 34.8805, 21.6726, 58110
46.8725, 9.54317, 52.1019, 77881
18.2573, 31.9201, -11.8298, 91321.5
28.3358, 12.1448, -2.15211, 73095.1
35.3346, 12.7261, 56.1984, 77205.2
38.4744, 28.2489, 27.9541, 55169.2
32.3584, 20.4527, 23.1738, 50689.3
32.1867, 33.331, 13.2672, 57396
32.0278, 10.1877, 52.9267, 73012.2
11.2962, 36.2332, -16.1096, 107961
11.9074, 32.9234, -20.2035, 113307
18.1045, 31.1142, -0.329006, 73320.7
32.4675, 22.4974, 26.2842, 51188.6
47.4131, 11.3904, 46.8355, 70895.5
30.8952, 23.4577, 21.0975, 49819.5
45.846, 13.7313, 40.5781, 65964.7
39.3479, 13.7667, 58.5436, 81953
32.2942, 7.69528, 56.5105, 79910.5
34.3163, 32.1055, 15.6499, 55598.7
36.5992, 10.646, 58.7265, 82371.9
45.2276, 17.5456, 36.3531, 61161.5
29.2993, 31.0306, 9.85248, 57423.7
37.8179, 12.7458, 59.5306, 83464.8
17.5284, 30.7318, -13.7371, 94480.1
22.7277, 17.0341, 7.77501, 59778.2
22.7778, 26.8437, 0.701636, 66671.7
32.5799, 9.56053, 57.2981, 80199.1
20.3676, 31.7806, -3.66079, 76102.6
40.2341, 7.91505, 61.1833, 89197
34.1364, 33.2036, 23.827, 55644.5
45.2307, 7.41319, 57.8591, 86363.5
21.5447, 2.17301, 53.0111, 83397.7
32.4494, 8.67179, 52.6749, 73379.4
50.5372, 7.33187, 48.1398, 78353.2
38.283, 28.3256, 29.4162, 55767.4
37.6648, 11.5932, 56.4989, 78363.3
27.426, 26.5655, 0.390624, 65654
23.2803, 6.77044, 52.2864, 77869.3
40.9746, 22.271, 31.6034, 55902.6
43.7871, 21.0881, 33.186, 58548.5
26.8117, 28.7614, 7.84241, 57735.4
34.1832, 10.1482, 57.7938, 80744.4
36.8109, 32.6708, 23.2388, 55735.7
43.549, 16.9678, 36.0471, 59671.2
27.5383, 24.8192, 5.406, 59389.6
30.8481, 23.7463, 17.737, 50266.3
40.7084, 19.0815, 35.4918, 57086
24.983, 19.301, 11.6381, 54770.4
26.2474, 13.9825, -2.87101, 73024.8
48.4856, 11.7712, 45.615, 74457.6
40.5448, 30.6521, 27.7176, 58277
47.618, 15.8207, 34.9185, 63314.7
33.9882, 23.032, 23.4296, 50769.2
38.8188, 35.5672, 26.9533, 61951.9
34.8748, 22.0983, 29.4085, 52164.6
28.0911, 11.0188, -0.182137, 71346.5
36, 33.6765, 21.3356, 56423.8
24.0607, 15.4324, 2.63232, 64875.8
30.74, 7.41237, 53.021, 75015.6
40.9753, 24.0273, 30.4181, 55781.1
28.6446, 23.2984, 22.2827, 50342.7
41.942, 10.1877, 54.1441, 76739.5
39.7988, 23.5878, 30.3833, 54808.4
46.1778, 6.93169, 52.1394, 79004.4
13.9299, 31.8359, -15.7542, 101038
31.2244, 21.2865, 19.2121, 49856.6
38.7779, 11.864, 60.0553, 84904.8
17.6985, 31.0712, -4.57321, 79948
35.3751, 21.9026, 25.6203, 51289.9
44.5119, 15.2904, 37.4603, 61841.5
33.0137, 31.478, 17.5841, 54024.2
26.3808, 31.0171, 11.6231, 57088.4
29.7673, 21.3379, 20.3889, 49822.9
43.3914, 10.7035, 53.9626, 77128
26.9241, 7.32424, 50.2712, 72507
25.3468, 17.4114, 3.48671, 62342.4
15.7301, 30.6105, -15.3856, 98484.1
23.2779, 16.5072, 6.21022, 61029.3
17.4231, 29.7248, -7.63255, 84116.1
20.3027, 30.9463, -6.50348, 81052
45.6722, 8.56736, 52.9865, 78498.8
38.4424, 14.1653, 59.2686, 82970.3
23.2734, 6.14105, 53.1685, 79576.1
21.3433, 14.492, 0.890589, 69742.9
24.9722, 26.0732, 4.29834, 61446.5
36.91, 34.5205, 24.3262, 58121.1
24.9207, 20.036, 16.6115, 52031.3
27.342, 32.339, 6.56338, 61472
34.0335, 12.5323, 55.494, 76046.4
39.3692, 20.3344, 31.0995, 54339.3
22.2401, 15.7205, 11.3659, 58405.7
24.3401, 20.3129, 15.4061, 52611.7
38.7625, 19.0206, 33.2481, 55322.1
18.3277, 30.1066, -5.63985, 80571.1
36.1012, 33.0244, 25.2721, 57193.9
33.9772, 24.3038, 25.9506, 51417.5
36.4808, 31.927, 17.1772, 55832.6
30.3383, 5.91681, 51.6368, 74374.3
19.7251, 30.2363, -0.766594, 71925.2
44.0066, 10.3204, 52.9241, 76205.7
50.4648, 14.2365, 38.9411, 69621.9
25.2081, 14.9253, 1.61712, 66483.3
11.5355, 30.5017, -16.8268, 104548
29.7354, 8.62901, 51.6301, 72573.2
49.304, 12.2469, 41.5452, 70956.3
40.291, 33.2202, 23.8825, 58797.1
37.3602, 33.4645, 20.928, 56934.1
47.6385, 13.6678, 44.7728, 68131.3
39.1545, 20.0729, 32.2924, 54841.3
41.5514, 20.9101, 33.6076, 56996.9
31.0736, 9.55214, 53.064, 73708.6
47.0436, 12.7101, 44.0337, 70973.1
21.8777, 30.0386, -0.314724, 69843.2
36.9831, 11.7785, 56.328, 77868.8
49.6562, 9.99611, 50.5087, 78338.8
31.9459, 32.6065, 19.1006, 54729
25.3267, 14.6259, -0.909199, 69936.5
20.2566, 32.5899, -4.27661, 77603.3
41.4493, 9.59965, 56.0019, 79917.1
47.2542, 9.57518, 47.9544, 72917.8
28.9807, 30.546, 10.1734, 56853.2
35.6616, 32.3552, 24.8344, 56252
35.7225, 23.0003, 27.7511, 51813.2
26.0969, 18.3828, 15.277, 52262.1
49.6113, 8.58668, 44.2961, 76470.3
27.5048, 32.6079, 6.67233, 61597.9
26.4796, 17.1196, 5.7566, 59803.3
23.5846, 26.5837, 2.78148, 63761.9
26.23, 16.2453, 1.95901, 65004.1
23.693, 15.493, 1.70662, 66095.8
30.9304, 22.8945, 20.9361, 49737.3
30.3544, 6.67319, 52.8915, 75474.8
46.0117, 8.61128, 54.2346, 80552.8
48.0585, 12.7269, 35.9987, 65748.3
13.9109, 32.264, -17.9012, 105162
35.3876, 9.86391, 53.3834, 73777.2
19.7433, 30.39, -6.80851, 81529.2
43.0568, 16.3405, 36.3908, 59700.3
42.6585, 9.93264, 52.6268, 75081.9
39.8141, 15.3826, 60.6453, 85962.9
18.6007, 30.6928, -3.01888, 75765.9
36.1899, 29.8601, 27.8311, 55351
34.8419, 33.9195, 16.5243, 57312.7
47.2731, 12.461, 39.9496, 67398.5
18.485, 2.57445, 52.985, 85604.8
18.0415, 29.4597, -0.456886, 72526.9
27.3213, 28.1662, 1.37234, 65015.5
27.7248, 24.2052, 2.28255, 62346.6
23.6155, 18.5324, 8.29709, 58084.8
17.7687, 28.5171, -9.10615, 85762.5
34.5393, 34.8233, 19.4433, 57542.8
33.2361, 23.535, 23.626, 50741.2
21.9806, 7.51724, 50.5759, 76166.6
43.2747, 8.48972, 57.3033, 83308.7
45.2335, 6.5877, 54.7112, 82003.6
25.2413, 16.579, 11.8211, 55795.2
26.8505, 9.59738, 49.4676, 70158.8
34.5394, 33.8058, 20.5286, 56236
27.6928, 7.23978, 48.0548, 69532.2
47.4432, 10.1645, 43.3251, 72123.8
41.1485, 18.2986, 33.6257, 56863
28.5266, 10.2982, -0.073563, 71878.7
28.6435, 7.52621, 52.2201, 74483.4
28.0512, 24.9182, 2.28007, 62398.8
46.433, 14.1691, 38.0206, 64433.5
49.2747, 12.2086, 46.9609, 72766.7
33.3227, 23.0944, 27.8713, 51838.7
45.6657, 14.4142, 35.7222, 62183.9
24.4152, 7.0657, 49.4947, 73200.6
33.0476, 21.6331, 21.6631, 49825.5
26.1723, 29.1928, 0.922421, 66223.5
36.1659, 34.0793, 20.3925, 57121.7
27.5188, 28.5977, 4.0586, 62075.9
39.2453, 9.84014, 60.3555, 86306.7
26.1382, 18.5592, 4.80554, 60179.3
44.132, 10.3964, 54.8566, 79101.4
39.6809, 34.7749, 23.993, 60104.6
31.4202, 9.73617, 55.5717, 77389.9
45.983, 15.3254, 38.6874, 63963.9
20.5155, 4.35865, 52.8935, 81910.3
48.2292, 14.6847, 40.4589, 67873.2
31.4746, 9.28517, 52.5395, 72994.6
39.8046, 18.1064, 35.1637, 56550.4
42.337, 9.52399, 57.4856, 82760.4
38.8405, 28.5751, 29.1337, 56106.2
36.5002, 22.9672, 30.3341, 53163.4
30.7176, 22.393, 25.9448, 51004.2
31.0507, 32.3114, 8.65249, 59521.9
41.5915, 7.66152, 54.561, 78709.9
36.0976, 22.0513, 24.3907, 51361.4
21.3159, 27.1533, 1.94669, 66264.3
26.5942, 8.06048, 47.869, 69288.3
34.2176, 12.0804, 57.2789, 79159.9
11.8156, 30.0711, -16.094, 102837
23.2163, 19.0154, 5.26857, 60819
19.373, 31.3861, -5.23503, 79950.6
9.91507, 34.3705, -17.1452, 110506
19.8917, 29.052, 1.68776, 68473.7
37.5379, 22.7291, 30.9152, 53710.2
27.6179, 28.5543, 6.72807, 59445.1
40.2551, 34.3327, 23.5989, 59894.8
48.4907, 13.2607, 46.4554, 70954.2
29.4671, 23.5279, 20.1157, 49517.7
20.8993, 32.1306, -3.0053, 75211.8
26.0019, 24.8874, 4.7546, 60393.6
46.2564, 8.49529, 53.4677, 79719.2
49.4337, 9.01298, 49.7105, 77616.5
34.907, 23.5208, 26.7188, 51378.6
34.1387, 22.7, 25.6215, 51066.2
24.9559, 28.0585, 3.65956, 62871
48.8577, 9.87554, 50.2059, 77119.3
42.4483, 20.5034, 31.7789, 56745.6
31.2402, 34.6382, 10.3779, 60345.6
10.8769, 34.0741, -15.3747, 106242
34.6259, 9.06078, 53.3031, 74042.8
42.0186, 13.2707, 59.384, 84755.9
46.9729, 9.91144, 47.0646, 75591.3
28.5873, 28.1835, 1.53005, 64812.3
13.8514, 30.9021, -14.7136, 98896.9
11.5632, 35.235, -18.5485, 111432
29.7868, 20.7806, 17.8501, 50167.3
47.0453, 15.0288, 36.1985, 63549.5
31.554, 21.2527, 23.0103, 50563.7
12.8783, 30.0866, -17.4711, 104321
22.3907, 18.1274, 14.0733, 55916.7
40.0628, 13.0705, 60.3188, 85589.7
34.7858, 23.167, 27.7667, 51657.8
17.9882, 32.2875, -0.855743, 74885.3
36.0056, 22.8252, 29.5467, 52614.7
28.0868, 20.4061, 18.9681, 50190.6
40.9439, 21.3114, 32.9654, 56252.2
27.8366, 14.8734, 0.1171, 67946.7
34.1137, 32.4682, 19.484, 54799.4
29.4072, 29.1951, 7.56815, 58021
49.9009, 10.7456, 41.6401, 72984.9
23.5267, 26.8908, 4.05228, 62663.4
49.8135, 12.8394, 40.5757, 70530.6
44.1899, 18.0995, 33.2606, 59014.6
39.2838, 23.0029, 33.1374, 55606.8
39.4169, 21.2807, 30.453, 54246
41.4598, 11.4785, 60.3714, 86658.5
14.739, 29.4105, -13.763, 95974.1
23.1942, 12.8941, 0.279804, 70537.1
32.7236, 33.7063, 16.3898, 56546.7
25.08, 11.5232, 1.16002, 69783.9
22.4104, 8.52984, 49.1908, 73408.8
22.3087, 17.5112, 9.12807, 58753.5
24.9318, 21.2146, 15.4678, 52120.9
42.1157, 16.7342, 35.568, 58934
30.5358, 32.9789, 10.1806, 58633.6
37.2488, 22.2555, 30.6715, 53406.4
24.2112, 18.0036, 4.49882, 61411.6
16.8776, 31.1339, -3.95193, 78687.7
39.5707, 21.7844, 31.3346, 54765.8
18.2898, 31.7449, -9.29808, 87037.4
19.5413, 2.22593, 52.7338, 84653.7
27.1755, 25.1913, 6.46847, 58512.6
38.9565, 29.4568, 27.1383, 55993.7
47.9285, 10.6637, 46.754, 71649.2
49.6932, 12.9397, 42.155, 71614.5
13.6847, 32.6354, -19.1987, 109554
13.0379, 29.3233, -13.8559, 97624.9
36.8099, 34.0339, 24.3511, 57495.2
19.1241, 2.69156, 53.5509, 85641.1
40.9709, 14.0606, 58.393, 82351.6
43.9731, 18.7365, 34.4382, 59321.9
15.644, 31.2136, -12.3073, 93520.2
23.9183, 15.3195, 8.84693, 59148.9
33.7674, 11.3051, 57.9738, 80638.9
28.8143, 10.7855, -0.069374, 71412.7
24.2865, 18.8158, 11.8757, 55148.2
46.6499, 15.2809, 35.4991, 62691.4
32.5356, 21.6533, 23.3188, 50541.8
24.244, 18.2267, 9.47743, 56966
23.3268, 16.6752, 11.5763, 56956.3
24.1739, 18.1732, 14.9508, 53429.9
28.4405, 31.6389, 11.256, 56783
40.7624, 9.26305, 60.5041, 87451.9
35.8299, 32.4855, 24.0462, 55313.1
39.7186, 30.4235, 28.1812, 57669.1
26.3081, 26.0494, 1.75894, 63874.4
32.437, 22.7932, 20.2664, 49842
47.9001, 14.8025, 37.5111, 65387.9
48.0883, 11.2923, 42.5205, 71329.7
43.7684, 11.2262, 58.7641, 84930.7
49.2131, 13.2219, 43.278, 71942.7
33.7287, 32.3521, 20.1684, 54528.6
36.8765, 32.7341, 25.6488, 57264.2
42.6555, 15.8412, 35.6039, 58989.9
30.2211, 27.4085, 4.47041, 60239.5
36.81, 31.9155, 23.3806, 55059.8
44.3051, 19.9948, 34.8829, 59313.6
45.338, 14.9024, 36.4752, 62072.7
38.2676, 33.0135, 27.9688, 59085.7
26.997, 29.8633, 10.2034, 56765.8
28.5366, 21.9439, 16.7664, 50297.5
12.4606, 32.2856, -16.0743, 103105
32.855, 32.0203, 15.5108, 55204.9
23.3047, 16.0563, 9.62584, 58475.9
21.9218, 14.5837, 0.632086, 69586.9
19.5325, 1.56915, 51.7997, 84192.8
49.1216, 14.1338, 38.647, 67771.1
30.3222, 22.138, 19.1268, 49837.9
38.7486, 21.9247, 30.8986, 54125.1
46.6176, 14.2084, 37.1221, 64040.3
38.0986, 32.2374, 27.6569, 58054.5
17.9569, 30.2017, -10.9511, 89194.6
26.1453, 27.755, 3.96405, 62019.9
22.4501, 6.36584, 51.8272, 78144.6
47.1467, 13.443, 43.7522, 70489.7
22.7035, 17.526, 3.68221, 63343.8
34.9985, 32.4447, 26.3151, 56664.9
28.1206, 14.1247, 1.94947, 66111.2
39.0134, 31.0031, 26.3491, 56885
20.1657, 5.50378, 50.9363, 79553.9
43.9936, 9.67781, 57.2221, 83096.7
48.214, 9.74795, 45.7112, 75453.2
27.5122, 8.51165, -1.50163, 75711.4
47.4585, 7.72716, 49.8166, 76508
34.0202, 8.9868, 53.8415, 74887.4
43.7217, 17.9953, 37.2936, 60490.4
10.8597, 31.0966, -19.5419, 112760
19.2692, 32.1181, -2.77115, 75953.3
24.6096, 26.1654, 5.18466, 60785.2
39.3594, 24.7449, 29.615, 54570.6
26.2461, 30.0077, 7.69935, 58807.4
22.1017, 28.8616, 0.372094, 68202.3
34.2521, 23.7805, 28.6632, 52366.4
37.2316, 34.4322, 26.5341, 59615.2
29.2873, 33.9932, 9.62164, 60385.1
47.7447, 8.37189, 53.0172, 80551.1
32.7792, 31.7855, 18.1995, 54138.2
23.3681, 15.7765, 8.13034, 59796.7
11.8527, 35.0844, -16.4708, 107434
20.4554, 29.9448, -6.76878, 80898.8
24.0978, 13.4159, 2.9605, 66492.9
28.2377, 31.219, 8.94781, 58292
18.3198, 31.1157, -0.941933, 73792.4
24.7201, 12.9481, 3.75285, 65235.1
26.9014, 31.1318, 10.6464, 57478.6
28.6142, 12.7993, -1.2122, 71232.1
25.6621, 15.7934, 2.47124, 64258
23.6049, 29.1082, 0.532689, 67422
30.8732, 20.3106, 16.9032, 50188.3
33.1216, 7.24856, 54.0741, 76304.9
30.0455, 9.2234, 55.4832, 77891.8
29.1273, 26.5507, 4.71346, 60481.2
27.8358, 11.4807, -1.7525, 73090.2
17.8994, 30.4009, -10.242, 88160.4
23.3516, 8.25225, 49.4534, 73150.5
45.1874, 10.4144, 54.0328, 78665.6
25.2033, 16.2851, 4.03451, 62362.1
44.0146, 10.4743, 57.6087, 83417.7
25.4537, 19.2186, 17.4136, 51808.8
27.9266, 31.1903, 12.4555, 55895.6
34.9811, 35.4049, 20.0998, 58220.7
25.5706, 26.136, 4.14733, 61407.1
37.8228, 22.3969, 29.1007, 53013.2
24.1107, 14.0961, 4.91425, 63385.6
39.0889, 31.9263, 26.1619, 57692.4
36.686, 33.7269, 27.8115, 59133.1
46.9827, 12.422, 38.213, 65902.4
43.0251, 20.7254, 33.1459, 57807.4
41.6152, 30.9928, 27.1278, 59128
35.3848, 31.4245, 27.3303, 56136.3
42.874, 18.0355, 35.8935, 58869.2
29.4988, 29.1972, 2.75418, 63911.9
33.1705, 12.0382, 55.547, 76307.6
46.4756, 9.7867, 51.8041, 76989.9
26.3382, 12.4364, -0.519501, 70775.6
28.3661, 30.9848, 5.4211, 61249.9
40.7524, 12.3231, 58.0031, 81805.3
42.3956, 20.7767, 33.7006, 57609.3
38.1267, 27.1649, 29.7876, 55155.5
29.5028, 28.3504, 3.3249, 62786
14.7334, 29.5455, -18.7815, 105161
12.8375, 29.5872, -16.8361, 103059
49.9186, 11.4808, 42.4456, 73206.2
47.1621, 16.6726, 39.9049, 65863.6
27.3351, 11.5788, 1.6126, 68645.7
13.3698, 30.7095, -16.0705, 101574
16.9464, 29.1238, -12.9801, 92970.3
50.0219, 12.205, 42.8263, 73269.8
23.0055, 15.6786, 13.4822, 56883.1
18.1818, 30.2084, -7.5524, 83551.1
19.6944, 31.4864, -3.68225, 76334.5
35.4277, 10.6966, 57.7753, 80499.7
30.3694, 30.6509, 11.2771, 55860.5
36.198, 33.368, 18.8608, 56610
27.9126, 5.1685, 51.5044, 75411.6
34.9557, 20.7133, 24.7002, 51044.7
23.9699, 17.5244, 6.73811, 59618.3
38.7784, 34.8764, 22.2448, 59384.6
38.491, 28.6831, 26.3484, 54929.3
24.3187, 27.8953, 0.836211, 66199.7
28.0995, 8.06319, 52.3577, 74569.1
48.6549, 13.4118, 41.7211, 69825.7
27.9147, 12.9545, -0.815796, 70560.6
38.7175, 12.9531, 60.4535, 85392.9
44.4615, 8.19748, 57.5276, 84728.5
26.2316, 29.3064, 5.14863, 61651.1
31.2178, 9.33427, 50.4078, 70157.8
19.8643, 28.4851, -1.64969, 72012.6
25.9797, 26.0043, -0.389393, 66732.7
43.4674, 9.40887, 52.9235, 76279.5
32.8599, 10.5507, 54.3073, 74925.5
25.9869, 14.6094, 1.97179, 66024.2
39.3547, 29.7724, 29.0605, 57279
21.7031, 1.94316, 53.6436, 84383.7
10.9902, 32.4261, -19.573, 112960
45.7403, 14.1609, 39.1274, 64466.4
24.6958, 18.9972, 7.49807, 58061
31.2035, 32.7788, 9.78232, 58818.9
40.306, 21.8309, 29.8513, 54713.8
27.5469, 27.8723, 3.4651, 62376
31.3914, 22.7323, 18.8992, 49923.6
34.621, 33.1001, 16.3155, 56419.6
19.8408, 28.1374, -2.53971, 73026.8
35.2655, 33.5617, 19.9497, 56237.5
33.3964, 22.2767, 24.9327, 50847.1
22.7877, 16.5959, 14.3112, 56213.9
47.7249, 16.377, 37.3873, 64667
18.3169, 31.7901, -2.56535, 76188
27.7601, 28.7868, 3.39455, 62881.9
17.6763, 30.2044, -4.73798, 79734.4
25.7116, 12.9181, 5.11773, 63523.8
49.5748, 14.1441, 40.3962, 69571.9
34.1988, 35.1319, 18.6569, 57957.2
38.0702, 31.1676, 26.8524, 56643.1
30.7414, 32.9849, 13.6284, 56704.2
36.5534, 32.8533, 19.1658, 56171.6
22.9544, 16.9085, 9.1096, 58587.1
37.1805, 22.2212, 27.1458, 52086.4
35.9417, 10.2253, 58.604, 82238.7
23.1605, 18.4796, 14.1538, 55143.5
14.9375, 30.1746, -10.9749, 91522.5
45.6884, 13.4983, 37.0615, 63393.9
35.1064, 11.7551, 58.9225, 82213.1
34.0014, 9.89268, 54.5817, 75530.2
45.1996, 17.1857, 35.4806, 60688
25.4809, 15.0366, 0.86782, 67251.6
33.3852, 10.9752, 53.8573, 74012.5
40.8342, 9.16734, 58.3954, 83709
42.5754, 8.98347, 56.6275, 81559.5
44.6614, 6.30163, 56.0434, 83814.6
24.4189, 16.5662, 13.8323, 55286.7
14.6936, 28.3966, -17.2397, 101995
19.1104, 28.7466, -6.67709, 81071.8
30.9689, 21.2453, 25.0818, 50179.4
26.8453, 26.005, 3.42496, 61865
22.1465, 6.9086, 50.244, 75998
19.9452, 31.0548, -3.01973, 75031.5
32.6825, 10.0529, 53.3153, 73529.8
37.1888, 34.4376, 19.5503, 58185.3
21.3564, 6.23783, 52.0885, 78533.6
47.0875, 13.459, 40.3429, 67026.8
28.9864, 22.1367, 21.7774, 50030.8
45.2139, 9.49352, 52.8758, 77539.4
17.2245, 30.8072, -1.90853, 75721.2
20.6548, 5.06564, 50.6722, 79123.5
26.4327, 20.2557, 16.5584, 51202.5
31.0611, 32.4574, 11.3452, 57422.7
34.4944, 21.6235, 25.2041, 51023.2
27.1764, 5.03479, 49.5807, 73418.9
23.9551, 13.3379, 2.0318, 67653.8
26.0747, 27.7787, 1.72263, 64568.7
40.558, 31.8942, 28.9879, 59821
30.394, 23.579, 18.6705, 50048.6
24.716, 7.05387, 48.2477, 71547.4
40.1703, 33.3432, 27.3004, 60276.4
25.4221, 16.8976, 15.0636, 53331
46.3677, 8.89813, 48.61, 73270.9
32.1102, 32.4021, 9.5364, 58870.8
47.0618, 8.49587, 47.9161, 73384.6
24.1182, 26.0536, 2.22062, 63986.8
26.2709, 27.0588, 4.81989, 60841.4
23.6185, 18.9829, 13.3651, 54818.6
19.0672, 32.5731, -5.18812, 79552.6
30.3704, 31.2467, 6.81675, 60098.3
24.8031, 6.2626, 49.9093, 74044.3
25.8656, 8.41794, 48.4385, 70123.3
22.6151, 16.7904, 9.74365, 58467.8
41.6317, 20.8562, 31.2995, 55908.3
47.2509, 17.6331, 38.7932, 64921.7
23.3827, 6.50475, 50.622, 75738.9
45.6187, 16.9055, 38.1964, 62904.2
38.2196, 30.5416, 26.1304, 55955.2
19.5738, 30.4294, -4.61669, 78288.2
42.2382, 8.57989, 56.909, 82052
47.492, 8.07117, 48.7619, 75046.4
24.7578, 16.6789, 10.9266, 56479.6
34.1921, 33.9595, 19.3311, 56444.6
48.6827, 14.3413, 41.5533, 69398
49.189, 11.0952, 48.0916, 74340.4
18.9993, 4.1777, 53.4414, 84210.6
23.4111, 18.0754, 8.10745, 58515.3
38.6555, 32.9349, 27.4015, 58961.2
22.3277, 5.93437, 49.2602, 75349.3
22.4792, 30.6444, -0.569248, 70231.6
36.6681, 32.115, 27.5064, 57232.2
49.6899, 14.1787, 38.6888, 68483
33.0515, 20.7462, 23.7485, 50738.5
32.8555, 6.93114, 54.7342, 77570.4
49.2985, 13.7036, 41.1949, 70021.7
48.4855, 16.6697, 40.2854, 67628.4
32.0858, 20.145, 27.2265, 51354.5
37.5549, 34.8381, 26.0876, 60095.3
27.2582, 31.1857, 8.874, 58534.2
31.1069, 31.3799, 12.7535, 55658.6
44.6921, 16.7414, 33.5771, 59907.7
26.727, 9.5469, -0.726879, 73666.1
18.1692, 28.3643, -2.87228, 74842.8
45.7064, 16.2674, 35.8023, 61561.7
19.0326, 32.3788, -12.8634, 92979.5
47.8826, 13.5439, 40.4127, 67853.3
38.1618, 22.2585, 31.2401, 54063.7
22.7221, 5.40289, 53.9492, 80704.6
16.1857, 31.6393, -12.9923, 94475.8
17.5339, 29.9992, -9.56785, 87148
24.317, 27.8327, 2.7716, 63942.2
24.9976, 11.9109, -0.748165, 71911.7
26.6296, 29.0366, 1.61957, 65216.3
15.8573, 31.8342, -11.3698, 92138.7
12.3999, 30.8625, -20.8022, 113485
25.8736, 27.9309, 2.81994, 63410.3
45.9779, 17.413, 37.8087, 62886.7
16.1839, 30.1517, -15.1125, 97506.4
47.7189, 15.5631, 37.4513, 64899.5
27.0929, 11.0242, -1.45246, 73157.4
18.5933, 32.5188, -4.07741, 78383.1
41.4442, 10.4915, 58.5662, 83688.6
49.241, 8.05339, 49.9671, 78325.6
19.513, 4.49388, 51.4864, 80880.5
36.3984, 23.1805, 28.1339, 52192
30.1935, 32.2327, 9.03895, 58716.6
27.481, 14.4694, -0.343349, 68850.2
14.9329, 31.539, -15.8662, 100307
39.1816, 32.1638, 23.9327, 57608.1
11.552, 33.0489, -17.9604, 109557
19.5544, 4.22499, 52.839, 82834
43.2172, 7.71233, 54.4285, 79321.5
31.2715, 33.2084, 10.7763, 58571.9
39.8333, 21.1388, 32.1804, 55117.4
45.0801, 8.85248, 55.81, 82029.9
10.1201, 33.4946, -17.2757, 110148
45.4742, 7.20939, 56.9689, 85223.7
26.2989, 5.99244, 49.8307, 73298.4
35.8361, 10.6816, 55.7048, 77028.3
19.4812, 30.851, -5.94413, 80615.5
28.7156, 31.7645, 9.14714, 58564.8
34.722, 20.2794, 24.3388, 51034.5
49.7873, 9.90249, 44.6324, 76019.5
30.951, 33.3044, 14.3453, 56743.1
17.197, 31.4461, -8.36722, 86087.4
34.8972, 24.1564, 26.3045, 51625.5
32.7825, 9.48223, 55.9204, 77983.1
37.5558, 33.505, 22.9117, 57078.6
34.2095, 10.7525, 54.1033, 74413.4
13.3401, 31.1481, -16.8994, 103253
46.4013, 13.5711, 45.111, 67288.9
24.9223, 14.315, 11.8456, 57506.5
21.6694, 4.92954, 52.6748, 81012.2
13.9464, 31.6783, -13.0061, 96325.9
48.3811, 9.57372, 51.3737, 78277.8
31.0173, 24.6729, 19.1755, 50216.6
33.1436, 34.0401, 17.3127, 56712.7
35.5667, 11.4382, 53.6015, 73460.6
23.2558, 5.47976, 51.7071, 78045.2
24.3048, 12.1233, 1.07548, 69648.1
30.6229, 30.7778, 12.5635, 55232.3
33.9535, 22.6701, 28.0026, 51584.5
35.7785, 23.3892, 27.0593, 51680.9
36.1187, 27.0657, 29.6761, 54293.2
36.5329, 25.9104, 29.7077, 53796.9
39.822, 28.4032, 29.0335, 56532.8
19.6631, 30.2227, -5.2606, 79188
16.6306, 29.8233, -10.5799, 89358.2
20.2811, 28.4374, -0.949715, 70829.5
36.0015, 33.9752, 22.6483, 56810.3
37.8715, 22.2066, 27.5649, 52530.4
45.6147, 9.57345, 52.1734, 76841.9
25.8928, 20.4742, 14.6954, 51956.5
31.2969, 30.7263, 10.6703, 56670.9
18.8424, 31.3551, -11.4245, 89998.7
25.9877, 10.1006, 0.089442, 72211.5
31.6754, 5.71707, 51.7518, 74436.8
48.4802, 12.3768, 43.3022, 71861.5
27.1837, 20.8566, 17.2229, 50664.7
13.0803, 34.1569, -18.7816, 109846
19.3075, 3.16277, 51.7016, 82597.4
28.6362, 7.48689, 49.6209, 71084.5
23.864, 15.8768, 13.1867, 56290
10.5251, 35.2827, -16.593, 109177
24.4095, 19.0897, 14.2202, 53196.4
36.5869, 12.1093, 58.5018, 81477.9
42.3168, 10.5495, 60.6775, 88003.7
34.5486, 23.4226, 24.6399, 51014.2
38.8331, 11.4131, 59.1556, 83387.9
37.7039, 24.5029, 29.614, 53597
23.1897, 16.0797, 1.30981, 67068.9
43.1972, 19.7405, 33.6648, 58179.6
45.779, 17.5056, 35.9484, 61448.8
32.9748, 22.6266, 23.6596, 50614.9
44.1857, 7.13704, 55.137, 81442
22.6891, 16.3383, 11.5876, 57581.5
23.9849, 17.631, 11.1207, 56191.2
22.8594, 17.3355, 12.4239, 56523.6
26.1195, 17.4994, 15.016, 52726
44.7971, 16.319, 37.6707, 61901.2
18.8596, 29.8767, -2.00494, 73853.4
22.8678, 27.317, 3.10092, 64139.6
24.4999, 13.9489, 0.429642, 68898.3
10.5843, 31.3079, -18.27, 108374
24.2549, 15.7513, 4.45748, 62623.6
34.1293, 12.4214, 58.3727, 81056.2
24.0594, 15.1636, 9.48545, 58705.5
27.1442, 20.1061, 18.1068, 50672.1
11.7693, 31.8766, -17.2044, 105534
37.1401, 33.8077, 28.8447, 59865.4
28.5942, 7.60248, 48.6739, 69887.9
36.4119, 10.9653, 55.7701, 77107.3
38.612, 26.3989, 28.461, 54363.3
42.6323, 9.04487, 54.8345, 78733.5
49.0278, 12.7903, 40.4995, 69539.3
39.648, 11.3256, 60.7782, 86721.2
41.8689, 12.5749, 57.4832, 81204.1
39.0517, 23.202, 32.5045, 55438.1
32.031, 8.52719, 55.0237, 77030.2
28.7472, 21.9633, 20.0578, 49560
21.2627, 28.2283, 0.227509, 68633.1
34.7345, 33.7913, 21.5602, 56134.7
33.1662, 22.7593, 22.4595, 50557.5
25.0873, 16.1996, 7.25287, 59352.7
47.9224, 7.66663, 51.9986, 79912.9
29.0315, 9.23817, 48.2996, 68270.2
25.4616, 15.1276, 11.626, 56731.6
42.5353, 8.8583, 52.4978, 75427.3
38.1077, 27.7104, 29.3897, 55277.4
24.2163, 26.764, -0.397854, 67370.7
33.5658, 33.9003, 18.0854, 56456
23.681, 6.99634, 50.8633, 75491.6
25.4425, 20.2912, 18.9263, 51314.5
25.3668, 17.5615, 5.73778, 59885.9
15.1648, 31.8517, -12.2237, 94075.7
27.1198, 20.8814, 14.9272, 51342.5
21.9927, 28.2715, -0.833458, 69487.8
26.6445, 26.6136, 1.87392, 63826.6
34.5284, 34.4212, 17.6796, 57414.6
34.5442, 10.7265, 57.3007, 79622.5
20.5006, 30.4738, 0.43632, 70146.6
27.1415, 31.85, 9.74481, 58548.5
43.1128, 18.3577, 34.5166, 58718
41.6559, 9.65562, 61.0192, 88655.1
40.1618, 22.223, 31.3598, 55210.1
19.3814, 32.765, -5.69016, 81521.2
39.0812, 32.537, 26.7399, 58484.3
23.5033, 15.7305, 4.52333, 62958.7
30.1616, 31.5733, 10.9262, 56811.6
48.5637, 10.7012, 43.1524, 72743.4
48.467, 9.36663, 52.2124, 79610
27.2185, 13.1515, 1.37633, 67601.8
24.9182, 6.29534, 49.2218, 73111.3
50.1151, 9.56685, 45.5779, 77556.1
37.456, 30.2889, 26.5703, 55678
26.4605, 18.626, 6.10387, 58781.7
23.4733, 4.49522, 50.2715, 76887.9
36.6232, 12.1812, 56.5857, 78119.6
29.3238, 34.875, 10.2715, 60957.7
38.9875, 21.138, 33.8338, 55713.8
30.8572, 20.5423, 19.1975, 49954.1
26.6238, 16.2211, 5.8727, 60139
40.4583, 11.9928, 59.1028, 83732
21.8843, 27.1266, -0.373802, 68533.8
25.292, 28.8355, 5.24536, 61600.6
17.422, 32.1076, -8.8253, 87129.5
20.7553, 29.057, -5.52154, 78343.3
30.0322, 8.21207, 52.9589, 74590.3
43.3118, 8.52148, 53.5315, 77548.6
47.368, 12.1083, 44.7822, 72307.7
46.7485, 8.50483, 51.2938, 77168.7
29.5831, 33.84, 8.75748, 60826.9
26.3098, 11.4622, -1.22213, 72578.2
32.0735, 9.22976, 52.9157, 73450.5
24.7732, 25.8923, 2.38709, 63513
10.9448, 34.3512, -17.5924, 110013
21.245, 5.12712, 50.51, 78361.1
37.7718, 30.017, 27.365, 55886.9
47.7114, 12.6435, 45.3695, 73013.6
48.1543, 7.88533, 45.7194, 76817.3
42.8539, 7.36546, 57.1034, 83501.8
39.5739, 9.55002, 61.1949, 88139.3
43.6008, 17.8404, 35.9851, 59505.4
25.2179, 18.2972, 4.87492, 60480.4
48.7055, 18.0043, 38.0608, 66064
31.9746, 21.0469, 21.7567, 49740.3
37.2706, 12.7038, 55.8062, 76835
38.6715, 11.1779, 58.4423, 82130.1
49.3742, 15.4424, 39.6864, 68405.8
25.7186, 20.0334, 17.361, 51465.3
41.6967, 13.7838, 59.3902, 84532.2
48.5537, 8.48272, 48.497, 75539.3
47.9043, 10.0459, 47.2815, 72531
45.5484, 18.9224, 35.219, 60682.2
22.7606, 30.3825, -0.09631, 69361.5
23.1632, 14.1609, 2.77019, 66592.5
33.8105, 20.9856, 24.1303, 50837.3
28.7754, 30.3753, 10.7797, 56371
44.5137, 10.5238, 58.3256, 84950.8
31.4733, 31.4693, 12.1234, 56137.8
50.9973, 9.42217, 49.5983, 79112.4
25.5064, 25.3838, 2.36617, 63191.7
38.9303, 31.53, 28.9774, 58421
25.9568, 6.45392, 48.2866, 71288.8
25.9487, 21.4431, 14.6436, 51840.1
23.793, 16.1024, 10.5018, 57589.1
20.1792, 3.23795, 49.4596, 79097.3
22.4303, 16.9099, 6.07288, 61483.6
36.5496, 24.1639, 31.6044, 54192.2
19.1623, 2.43204, 52.3378, 84273.3
27.2677, 19.5569, 18.8016, 50689.4
18.616, 29.7764, 0.322414, 71334.4
19.796, 31.7791, -2.8569, 75418.7
36.9191, 28.561, 27.5264, 54484.6
34.6462, 21.9843, 23.1913, 50808.1
21.3575, 29.2588, 1.83333, 67322.4
47.0188, 16.3287, 35.2033, 62618.1
45.6219, 15.5455, 35.4871, 61554.2
22.2179, 4.58715, 52.4023, 80495.2
19.9454, 29.7023, -0.68047, 71354.5
15.7425, 32.034, -6.92314, 85543.9
16.6693, 32.8114, -10.0715, 90032.4
36.3043, 30.7905, 26.9846, 55630.8
27.3131, 29.7785, 8.19305, 57973.7
29.155, 19.4142, 16.5487, 50704.2
28.3002, 27.9385, 2.50753, 63482.5
23.793, 14.337, 0.403242, 68968.7
37.09, 28.4826, 29.5011, 55414.7
27.3348, 31.531, 10.3648, 57840.8
45.7235, 16.2344, 34.3907, 60904
40.3346, 22.9124, 30.7077, 55155.5
23.5867, 15.7859, 3.18143, 64284.9
27.7112, 33.0352, 8.26569, 60477.7
48.932, 17.8489, 37.2457, 65808.4
44.3381, 7.11061, 56.1485, 83133.4
38.2077, 31.566, 21.4411, 55551.4
29.9944, 21.1626, 25.0842, 49660.2
20.263, 30.948, -0.41037, 71567.6
27.6271, 21.6742, 21.1037, 49992.9
34.5988, 33.3243, 18.1929, 56058.6
28.9752, 11.864, 1.70141, 68210.5
21.5873, 6.12833, 49.7632, 76421
28.0726, 27.3007, 5.69358, 59755.7
26.5737, 7.14477, 49.0898, 71334.5
38.6866, 34.4062, 26.8027, 60366.8
35.7485, 31.1174, 18.4126, 54342.9
34.3492, 13.0884, 55.0863, 75269.1
29.4409, 22.7421, 21.7947, 49964.9
35.5936, 34.3218, 25.2744, 57633.6
36.0402, 30.5083, 18.588, 53941.9
17.788, 32.5402, -3.62807, 78472.9
37.153, 23.7697, 29.0386, 52887.8
35.7019, 36.0154, 18.8326, 59569.6
44.8294, 9.24955, 56.4678, 82681.1
25.7459, 15.219, 3.33336, 63598.7
38.7282, 23.5852, 30.8945, 54429.3
48.6741, 9.87225, 48.3189, 74619.5
33.4348, 33.57, 20.6105, 55649.8
43.4843, 9.78514, 54.3894, 78211.9
47.9356, 15.7277, 39.2647, 66340.3
40.0991, 31.3987, 27.5182, 58397.4
36.4086, 26.3372, 29.0072, 53621.2
19.1254, 29.9058, -3.09878, 75029
36.7981, 22.0536, 26.1536, 51704.5
42.665, 18.674, 34.8296, 58519.6
14.5518, 31.8182, -17.3497, 103433
25.7119, 15.485, 12.787, 55642.3
27.6122, 13.6058, -2.10763, 71940.8
29.5271, 33.1747, 11.0979, 58219.4
42.2242, 10.4468, 57.6651, 82588.8
25.4203, 20.9742, 17.1714, 51391.6
26.76, 29.3918, 3.59733, 63142
39.6218, 30.8612, 28.0645, 57921.9
12.0938, 35.4418, -16.1111, 106675
27.2402, 27.2272, 5.1069, 60417.7
14.7078, 30.8489, -9.89948, 90337.6
19.8761, 3.49937, 50.9883, 80863.5
37.0405, 30.7511, 29.2052, 57075.8
38.2655, 29.1723, 28.5049, 55939.8
37.2625, 29.1181, 28.9977, 55686.2
32.0188, 21.8974, 27.1085, 51173.2
33.8171, 6.84417, 53.4482, 75683.7
24.168, 18.8589, 5.49807, 60125.5
25.3292, 14.7288, 10.9121, 57500.5
23.9114, 17.288, 13.8032, 55228
40.4437, 14.1021, 59.5693, 84216.4
36.827, 31.9518, 24.7659, 56215.8
26.7335, 32.6361, 11.7083, 58344.9
22.3429, 15.1408, 10.305, 59391.5
40.5257, 20.3706, 33.9654, 56529.1
31.1297, 34.1524, 14.8175, 57488.2
45.4654, 9.28046, 55.401, 81486
50.9455, 10.9461, 44.3864, 76573.2
26.5577, 24.4429, 3.34497, 61653.1
44.354, 18.8004, 32.8208, 58901.4
34.7036, 10.7908, 56.1354, 77607.3
43.2618, 8.6146, 54.3339, 78632.3
39.2547, 34.2108, 24.1024, 59123.9
21.2144, 3.15125, 51.0232, 80802.3
49.1986, 17.6846, 39.6339, 67849.5
46.2862, 16.525, 38.9547, 64246.7
24.2689, 21.0909, 15.587, 52517.4
47.6123, 9.23714, 44.692, 74214.6
33.06, 33.8917, 15.4902, 57155.3
33.6137, 33.3307, 16.5747, 56249.5
38.5934, 22.4797, 32.5352, 54883.5
38.1256, 23.1952, 29.0805, 53264.9
27.3599, 26.0961, 2.02939, 63458.9
10.0119, 33.6817, -19.0472, 113485
40.1886, 30.5523, 28.8363, 58383.5
23.167, 3.94518, 51.1539, 78715.3
36.6862, 33.786, 21.8885, 56840.9
35.8776, 11.4837, 59.2625, 82964
25.616, 19.0495, 15.1442, 52266.6
49.5011, 11.3797, 43.6223, 73809.9
15.4967, 30.9668, -13.6011, 95696.7
28.049, 32.6915, 11.733, 57581.1
27.115, 20.2357, 16.6856, 50901.7
26.8199, 10.9895, -2.90741, 75312.1
27.4303, 10.9226, 0.3553, 70807.1
32.2821, 6.78064, 53.0035, 75193.9
46.6076, 7.13293, 55.1142, 83354.7
38.766, 32.6285, 20.4956, 57069.8
45.0636, 9.72508, 53.7252, 78415.6
29.1435, 32.5789, 8.34399, 59881.8
29.7206, 6.56838, 52.488, 75172.7
23.7123, 25.4559, 0.831331, 65673
39.6544, 35.3069, 21.9008, 60573.9
37.2732, 32.6834, 24.1764, 57033.6
49.2582, 12.0669, 44.932, 74449.3
28.2301, 9.65962, 0.080541, 72329.6
32.6498, 32.92, 15.9514, 55835.5
36.7647, 11.4451, 59.6541, 83824.2
13.869, 33.0475, -18.6268, 108431
15.1573, 30.5849, -13.9011, 96281.5
37.9992, 10.8455, 57.85, 81023.2
48.1744, 13.7145, 36.9473, 65828.4
32.7569, 23.4733, 28.637, 52316.7
40.4065, 9.414, 59.8675, 86034.5
39.8409, 33.0282, 28.6259, 60322.5
42.0392, 17.2566, 35.0502, 58446.5
27.1682, 20.5199, 19.7614, 50345.4
21.3058, 19.5573, 14.3062, 56251.8
28.3054, 29.4336, 8.5469, 57296.1
25.1636, 18.5863, 5.8195, 59483.7
21.3436, 27.8446, -2.7141, 72219.9
30.4668, 7.59371, 50.8325, 71968
25.1373, 25.8304, 1.01772, 65005.8
29.3457, 21.6128, 18.6686, 49994.1
46.4952, 13.7294, 40.6545, 66599.5
40.8544, 11.3277, 61.132, 87848.6
30.0032, 22.7955, 19.1916, 49893.8
39.6243, 34.7888, 25.5483, 60323.7
38.3164, 33.0642, 20.093, 57252.1
26.2121, 16.1694, 14.7776, 54156.6
28.7397, 20.7294, 18.4206, 50021.2
28.4146, 6.44011, 47.162, 68911.7
43.3448, 11.813, 58.2566, 83591.3
26.9772, 26.7001, 2.53179, 63055.2
50.3113, 9.63687, 50.3063, 79032.3
37.3411, 25.0725, 30.1016, 53904.6
23.7739, 20.78, 14.6576, 53879.9
24.6503, 14.7017, 3.37493, 64275.9
34.015, 10.5757, 57.8893, 80733.2
46.4677, 17.1022, 37.0766, 62919.8
29.1276, 27.2665, 4.86549, 60568.1
28.6336, 27.1391, 6.79115, 57647.2
27.5353, 6.29304, 49.0653, 71526.9
27.2104, 17.5334, 16.7314, 51837.4
29.4281, 23.3271, 21.8454, 50054.4
36.0679, 32.499, 21.6127, 55178.7
41.5613, 14.0056, 58.7062, 83214.6
27.6584, 22.8403, 18.8389, 50105.3
46.6682, 7.74509, 51.9166, 78421.5
41.5653, 19.1806, 33.4332, 56903
15.3316, 30.885, -17.0944, 101991
49.4713, 8.79485, 45.119, 76917.7
49.0448, 11.1641, 41.5283, 71623.9
21.6239, 16.4807, 10.2467, 59192
47.0001, 13.1462, 38.9612, 66078
22.4493, 3.15385, 52.6376, 81955.6
33.5934, 10.0212, 53.2327, 73464.4
38.6941, 19.5338, 31.674, 54369.2
46.9045, 7.52798, 52.7664, 80071
22.0247, 15.036, 11.1667, 59129.8
20.415, 3.3927, 53.1913, 83312
12.7111, 30.9875, -18.8876, 109528
49.1735, 13.2364, 46.0911, 71372.1
18.4301, 29.7409, -6.24257, 81216.3
13.5908, 30.0836, -18.7392, 106090
20.8693, 2.39156, 49.4669, 79403.9
26.9029, 14.4998, 3.21757, 64476.3
13.5844, 31.165, -18.1163, 105314
29.4536, 21.5432, 16.0202, 50305.7
45.2606, 16.8395, 37.0051, 61735.9
28.3519, 4.90461, 50.7566, 74512.7
49.821, 10.8639, 40.2294, 71390.9
25.3609, 19.8162, 14.0698, 52564.3
38.7362, 13.4337, 59.7441, 84000.7
25.9474, 13.4329, 3.60369, 64558.3
36.97, 22.0286, 30.0825, 52986.4
24.9103, 16.8829, 5.04317, 61067.6
25.1774, 19.7859, 13.5403, 52873.7
38.5646, 20.5663, 30.9286, 53857
39.5892, 22.0259, 29.4501, 54108.1
22.8974, 19.4037, 13.3084, 55252.7
23.8063, 28.8756, 1.031, 66628.8
29.3194, 21.1589, 16.7726, 50237.3
11.6832, 35.6497, -17.7779, 110129
19.8817, 3.2385, 52.2307, 82662
17.9138, 33.185, -8.84828, 87411.4
42.4551, 7.48688, 55.4971, 80722
12.1014, 32.961, -18.5151, 109954
36.0161, 11.5906, 58.3568, 81296.1
25.911, 14.6456, -0.127941, 68701.1
39.141, 20.9456, 32.9655, 55209.4
37.9701, 34.8601, 20.6443, 58960
23.4077, 17.5723, 11.4281, 56534.3
43.4464, 11.7562, 60.2115, 87455.7
27.8112, 17.5583, 15.5718, 51996.8
17.3263, 33.5521, -10.2186, 90187.2
38.7847, 20.1921, 34.0747, 55765.3
37.8955, 20.7624, 32.04, 54161.5
29.5846, 7.40739, 50.4598, 71870.3
28.1608, 22.4294, 15.8392, 50660
20.4497, 28.5867, -4.25833, 75115.1
28.2492, 31.7412, 10.5451, 57308.5
28.8183, 6.72375, 49.2142, 71096.7
41.9639, 10.4103, 56.9727, 81402.9
35.7602, 34.7114, 18.4188, 58042.4
48.4833, 9.68098, 44.8429, 74921.2
45.4871, 14.3873, 40.1283, 65023.8
49.5109, 11.6278, 40.8287, 70977.2
11.3942, 31.2417, -17.9205, 106921
48.7818, 11.7623, 38.8096, 68673.8
27.4673, 20.0343, 20.8695, 50638.6
48.7976, 9.46177, 42.3222, 73178.1
25.8197, 16.5831, 13.1254, 54750.8
27.7251, 30.8755, 7.57562, 59144.3
48.4558, 8.38848, 49.9995, 77278.8
38.9284, 25.4187, 29.3436, 54448.8
43.9534, 18.7804, 33.3243, 58793
41.2882, 20.6099, 33.0052, 56457.9
43.0406, 15.3788, 35.2188, 59219
20.1939, 3.53387, 50.1402, 79539.5
25.2911, 16.6759, 6.22324, 59932.2
12.5593, 31.5395, -16.7989, 103935
44.1971, 15.3038, 35.8721, 60599.2
28.1688, 28.7035, 4.57995, 61530.3
29.0533, 30.9468, 8.60892, 58259.1
41.5747, 20.8552, 34.4394, 57472.5
48.4187, 11.5136, 46.2055, 75140
25.3082, 16.2039, 0.815931, 66709.4
31.635, 31.6935, 11.5753, 56683.9
32.3626, 32.7876, 15.152, 55988.4
37.3495, 32.3434, 19.8434, 55933
11.9278, 32.168, -18.5901, 108044
12.581, 33.7574, -16.787, 105085
28.4324, 21.2609, 20.8356, 50128.5
51.2892, 8.40157, 48.0236, 78404.5
24.7797, 12.4678, -0.128601, 70676.2
15.0069, 32.2782, -15.5156, 100009
31.0086, 22.2349, 18.2016, 50005.1
12.7387, 30.2266, -18.3992, 106203
44.984, 8.66573, 54.7144, 80394.6
32.7923, 33.8738, 12.0449, 58794.7
29.8286, 6.29048, 50.9602, 73288.3
39.1153, 21.961, 29.9876, 54008.7
47.7835, 17.1435, 39.2546, 65881.4
27.8505, 12.8627, -2.81506, 73524.4
48.56, 12.4902, 40.883, 69451.3
37.3088, 11.419, 60.2577, 85053
15.0532, 29.4953, -16.9044, 101375
40.329, 18.0715, 33.9589, 56616.6
12.3866, 35.8855, -16.7706, 107738
33.9937, 11.0682, 54.8534, 75474.6
27.1812, 9.18956, 48.8483, 69432
23.234, 17.2267, 7.16528, 59819.3
27.0354, 25.9809, 0.557987, 65300.3
20.8297, 29.1482, -0.550011, 70301.7
38.3035, 12.3074, 59.1604, 82996.2
16.5704, 30.688, -11.6518, 91478.6
48.8046, 8.12092, 50.9137, 78979.5
23.3567, 18.6086, 5.99662, 60191.2
9.04581, 34.7125, -17.7883, 112817
33.2112, 22.4304, 27.9658, 51808.1
47.3592, 10.4307, 45.0009, 73454.5
49.5665, 11.7648, 44.2043, 74220.6
10.7034, 34.8254, -18.4968, 112152
42.5446, 9.18993, 59.6879, 86927.3
36.9585, 30.6424, 27.9925, 56325
35.1344, 11.9093, 57.8734, 80268.1
37.651, 32.6114, 21.3095, 56193.9
16.4769, 29.0689, -7.69934, 84754.2
43.5693, 15.7517, 36.7813, 60501.6
43.2593, 19.7087, 35.0547, 59046.1
24.3554, 17.8664, 10.1402, 56610.6
22.4572, 19.2876, 14.152, 55334.7
30.0066, 22.3537, 24.1571, 50132.6
25.0326, 21.3397, 17.4778, 51554.4
18.0094, 31.0935, -10.0891, 88138.4
27.8155, 22.5567, 21.1815, 49947.2
27.5206, 10.8459, -1.24297, 72973.8
39.6397, 33.8042, 21.7911, 58774.5
32.7732, 20.751, 25.0329, 50934.4
39.9286, 34.1268, 23.0172, 59360.2
49.1861, 11.3216, 46.3679, 72350.8
22.5238, 16.3403, 5.29193, 62432.8
28.4365, 12.3918, 1.39989, 68113.3
29.5302, 29.606, 9.00989, 57004.2
33.0995, 12.035, 54.4974, 74546.5
29.2274, 29.3105, 5.24981, 60256.3
21.6995, 18.1626, 12.3793, 57023.3
26.3225, 14.024, 4.17593, 63403.6
26.0054, 26.879, 2.04119, 63820.4
33.6078, 8.47742, 53.3412, 74481.6
27.9334, 11.2481, -0.902935, 72108.6
17.4884, 27.9871, -4.0049, 76779.1
23.7705, 15.3962, 7.67049, 60170.2
15.1895, 30.8229, -12.2722, 93653.3
37.4812, 27.9435, 27.1882, 54189
28.2617, 6.58549, 51.5216, 74347.8
43.6491, 9.64603, 58.8852, 85988.9
21.7896, 2.31652, 52.2841, 82104.1
51.0709, 8.76329, 48.8295, 78685.8
23.8244, 26.7124, 1.7715, 64808
26.2548, 31.2888, 6.79854, 60612.9
12.2174, 30.8768, -19.3975, 110983
49.567, 11.0239, 39.4962, 70500.8
29.3044, 12.9149, -0.82132, 70627.8
19.9173, 30.5463, -9.77735, 86325.1
25.951, 27.55, -0.150196, 66855.7
40.5542, 13.2548, 59.7167, 84641.3
48.133, 9.3514, 50.8806, 77494.1
50.1281, 8.88561, 47.0761, 79570.5
36.0123, 25.8872, 28.8252, 53211.4
12.147, 31.8676, -19.7462, 111908
19.5484, 29.8988, 1.12076, 69795.1
18.0783, 29.3037, -5.91161, 80825.5
29.5882, 30.8794, 7.32459, 59252.8
23.8459, 18.4659, 15.6906, 54070.6
46.9762, 17.0024, 37.5795, 63872.1
10.6103, 34.047, -20.2025, 115063
24.5089, 11.1252, -0.260754, 72162
24.8592, 27.0532, 0.474135, 66139.5
29.2209, 24.2896, 19.1687, 49802.5
39.3732, 32.9547, 26.0036, 58888.5
17.7885, 32.0303, -7.77607, 85119.3
30.2616, 7.88598, 51.968, 73334.7
30.2991, 33.0358, 11.089, 58088
47.3306, 8.57354, 49.5043, 75413.5
31.1015, 7.07756, 52.1852, 73995.2
31.6891, 10.5761, 55.4172, 76710.8
35.3934, 22.1546, 27.6887, 51645.6
41.7234, 9.99587, 59.2294, 85237.8
24.5826, 18.6931, 15.0057, 52978.8
21.3495, 30.8762, -1.6649, 72353.7
32.8342, 8.5562, 56.4537, 79363.8
30.2129, 32.0093, 10.1593, 57700.3
35.0151, 34.3758, 23.2531, 57066.3
36.6607, 22.0997, 26.8381, 51791.9
34.2024, 33.5251, 22.8763, 55858.8
26.9053, 31.5945, 6.60437, 60862.7
33.3466, 34.0048, 21.8877, 56191.1
13.1881, 33.5895, -17.5218, 107200
10.1978, 32.3285, -18.4108, 111711
35.5369, 34.6715, 22.7896, 57500.6
14.4525, 29.3557, -15.9738, 100070
31.4634, 22.195, 24.5555, 49991.5
46.7785, 17.0079, 35.9289, 62570.6
37.3057, 29.5709, 26.419, 54798.8
19.7572, 4.07957, 50.4754, 80533.8
18.2392, 3.77039, 51.3457, 82625.9
29.611, 8.73457, 50.0065, 70409.8
46.6836, 8.31922, 50.2067, 75839.4
13.7926, 31.2499, -15.2593, 100032
21.5806, 27.4769, -1.0052, 69603.4
18.938, 31.9732, -9.93778, 87804.4
30.7479, 22.1233, 22.0922, 49732.3
28.7586, 34.1991, 10.3646, 60173.6
27.9794, 21.2351, 16.3306, 50586.4
31.9466, 33.6261, 17.0153, 56188
45.7799, 7.48238, 55.4534, 82906.6
38.5052, 32.4901, 24.5429, 57537.9
19.5216, 27.7279, 0.380479, 69557.5
31.7888, 33.291, 16.3996, 55982.4
18.8004, 30.0194, -9.43013, 86119.1
17.5282, 29.3918, -10.8667, 89053.8
25.3198, 14.6804, 3.19433, 64234.3
22.6495, 29.4976, 1.35135, 67169.9
43.1171, 8.77908, 55.6112, 80377.8
28.7656, 21.1659, 20.1106, 50036.4
18.6544, 31.2202, -8.4946, 85171.9
24.3879, 14.8824, 1.94835, 65874.9
38.9651, 28.7342, 27.7257, 55679.2
36.9979, 32.7246, 17.9456, 56633.3
39.0979, 24.1013, 29.0187, 53952.3
34.0586, 7.42478, 53.8495, 75813.1
30.3683, 23.7513, 21.7085, 49896.5
16.3391, 30.452, -13.7136, 95084.6
37.108, 23.19, 32.6366, 54745.6
28.4192, 30.8377, 7.29097, 59275.5
35.4108, 9.9405, 56.4972, 78630.7
22.9665, 4.54368, 52.6197, 80271.6
11.6076, 30.1313, -17.5405, 105624
18.009, 31.2669, -1.81292, 75187.6
46.3036, 13.4382, 38.9614, 65272.5
47.0849, 14.7429, 38.7038, 65322.4
44.5187, 8.21566, 56.4028, 82927.7
38.3229, 33.5799, 21.9134, 57623.7
37.6304, 23.6978, 30.9936, 54029
48.7669, 15.2801, 40.429, 68298.2
32.4892, 33.5363, 14.3434, 57143.2
27.325, 29.0371, 1.84087, 64873.2
35.3085, 10.0233, 55.5817, 77057.4
18.8687, 29.6996, -7.34106, 82567.6
16.475, 28.6852, -9.22432, 86965.6
26.5171, 22.8988, 20.6736, 50639.9
21.8167, 7.3305, 49.3507, 74892.6
43.5662, 10.0515, 59.3203, 86497.2
33.9835, 9.46893, 55.2657, 76806.3
14.3265, 28.5338, -15.9651, 99969.2
20.7529, 3.6266, 53.8105, 83644.1
39.3943, 13.0425, 59.1684, 83211.2
34.6936, 23.5933, 23.5009, 51008.8
16.8261, 29.9344, -12.3715, 92241.6
38.4427, 33.1723, 23.1971, 57277.5
19.1533, 31.4316, -1.51505, 74025.9
41.8155, 20.856, 32.2757, 56471.8
43.1686, 10.1553, 56.0188, 80372.4
37.5847, 35.0681, 22.1349, 58856.7
15.3558, 30.6305, -8.61528, 87724.7
29.7028, 12.7746, -0.136311, 69859.8
16.0405, 31.3965, -14.5454, 97144
22.5082, 19.1323, 14.9802, 55093.6
29.3109, 6.93879, 48.3981, 69809
26.8382, 25.2468, 3.10085, 62071.2
22.9227, 27.5312, 1.20447, 66246
29.1861, 22.9439, 17.2688, 49942.5
30.5838, 33.3428, 13.0291, 57361.4
35.4635, 22.1408, 24.704, 51168.3
36.3506, 22.1908, 27.7363, 51921.7
23.1525, 28.2249, 2.94877, 64520.4
25.299, 18.3239, 17.487, 52190.5
28.8821, 6.1498, 50.6447, 73307
30.1966, 21.3918, 19.5883, 49821.7
26.8621, 8.16867, 50.0218, 71663.4
23.8534, 17.9249, 12.7498, 55422.3
27.5711, 9.79788, -1.69319, 74651
37.2115, 30.9655, 20.3425, 54518.2
37.9851, 10.8908, 59.1184, 83271.5
28.4131, 11.0027, 1.57226, 69150.7
41.6632, 9.83794, 56.8633, 81319.6
26.6624, 14.0413, -0.065975, 68866.4
18.927, 27.2196, -0.009918, 70322.6
27.5224, 19.4283, 16.0576, 51168.3
38.8096, 11.9006, 61.3704, 87404
30.5169, 6.05775, 49.9671, 72076.2
17.5802, 33.6499, -12.4106, 93779.1
25.2791, 19.2611, 13.6977, 52899.9
27.4785, 8.09011, 48.5129, 69556.9
41.8789, 11.828, 57.6578, 81899.9
22.7714, 28.752, -0.273602, 68580.4
30.3645, 6.15319, 52.4531, 75284.8
29.3451, 21.5304, 22.1762, 49989.9
32.4971, 23.5589, 26.5637, 51420.6
46.8888, 8.10715, 48.4112, 74041
40.4805, 10.8479, 59.1862, 84203.9
48.7934, 16.4838, 36.5012, 65329
48.5132, 12.7295, 42.1444, 70317.5
26.531, 5.65465, 48.3875, 71755.3
24.8101, 26.4184, 1.47033, 64702.1
25.1525, 25.3769, 3.71662, 61814.5
27.4805, 21.2146, 22.1237, 50648.2
31.7967, 32.9425, 12.6177, 57267
49.2846, 10.5387, 46.2179, 76634.3
50.3887, 9.35359, 47.4585, 79980.4
10.1926, 33.4572, -16.4522, 108634
22.1801, 27.2689, 2.80574, 64808.5
17.6458, 28.9817, -7.38792, 83237.1
37.2457, 12.0041, 57.045, 79070.2
34.7795, 22.9609, 26.2446, 51356
29.2813, 24.7393, 17.838, 50149.1
22.8349, 7.50601, 49.5635, 74136.1
27.6174, 25.3791, 5.36339, 59536.5
28.8362, 28.2229, 4.13345, 61753.6
30.0378, 32.2932, 13.5076, 56088.9
33.6002, 8.00514, 54.9643, 77211.3
18.3969, 30.5224, -4.20549, 78598.4
24.7154, 14.7982, 14.5985, 55852.1
23.6705, 6.70409, 49.3238, 73767.6
33.3188, 21.7788, 23.6422, 50646.1
37.7032, 33.2903, 26.6702, 58529.4
46.6217, 8.98629, 50.9172, 76264.6
10.1298, 33.0138, -15.6149, 107162
48.488, 15.5819, 38.5197, 66475.7
43.1617, 11.0388, 55.5094, 79217
35.1951, 32.8757, 21.4855, 55255.4
37.2859, 27.0154, 28.1678, 53940.8
44.7306, 18.2506, 34.5447, 60103.2
39.2507, 33.7361, 27.0578, 60006.5
17.0391, 31.9283, -12.8336, 93772.8
15.8573, 32.1161, -9.93607, 90059.9
29.7962, 33.5461, 9.21914, 60171.1
37.0947, 20.3479, 31.8749, 53830.2
26.2519, 25.0147, 1.64447, 63817.5
27.7491, 13.2529, -0.217331, 69520.4
33.9525, 21.544, 26.0246, 51126
11.9718, 30.7035, -17.5603, 105507
31.2754, 22.2638, 25.3102, 50676.2
33.6993, 31.2576, 17.4309, 54023.6
35.6087, 30.3209, 18.0945, 53731.2
28.0867, 11.668, 1.03157, 69197.8
23.0148, 17.763, 13.5365, 55750.1
31.1254, 8.65138, 54.921, 76997.5
42.0827, 11.6396, 58.4251, 83408.1
21.5857, 1.51107, 53.4644, 84698.7
50.872, 10.1676, 45.0218, 77544.8
23.1092, 14.7206, 8.51605, 60356.6
22.4125, 5.61677, 49.9281, 76327.3
21.3266, 28.8395, 0.746791, 68290.8
21.1742, 31.5135, -1.62832, 72861.4
22.0573, 5.40948, 53.42, 80449.4
49.8713, 8.93614, 48.4333, 76656.4
13.3214, 30.5837, -13.5754, 97321.3
16.8771, 31.8173, -11.3576, 91355.1
17.2551, 31.046, -10.6583, 89513.1
27.5338, 6.97796, 49.1044, 71013.2
50.1966, 9.6455, 48.1284, 80317.5
36.7029, 24.9096, 29.629, 53366.2
23.2779, 15.7317, 3.85134, 63768.3
45.6705, 15.0199, 39.6229, 64571.5
23.9329, 4.94555, 50.9173, 76986.9
37.0644, 29.9326, 17.3559, 54517.1
22.4363, 30.5568, -1.56903, 71435.4
33.6932, 32.8532, 18.1901, 55325.5
23.5418, 18.1803, 6.89778, 59451.5
19.6523, 28.9944, -4.48104, 76072.1
26.4762, 12.075, -1.57794, 72516.5
29.8067, 21.3753, 24.1544, 50242.7
15.1422, 30.8631, -11.2756, 92103.9
50.4938, 12.4724, 45.4142, 76221.8
26.0764, 13.5787, -0.347637, 69705.4
24.5142, 14.7826, 10.2524, 58234.7
28.5, 8.77724, 0.235284, 73041.5
16.1379, 31.5074, -10.2145, 89919.8
37.2164, 32.2319, 28.988, 58323.6
27.762, 22.8798, 16.1811, 50686.7
12.3, 33.1883, -19.3123, 111295
16.4209, 28.8412, -14.2062, 95405.8
37.5435, 31.6971, 26.9972, 56947.3
25.7899, 28.3559, 1.0668, 65684.4
15.5532, 31.4617, -15.3941, 99010.1
23.0609, 4.15723, 51.8081, 79454.6
27.9019, 29.6837, 5.74172, 60970.4
41.2042, 19.0094, 34.2323, 57133.6
11.6141, 31.2951, -16.0484, 103419
23.1835, 28.6922, 1.52093, 66257
23.6402, 17.9035, 13.9064, 55099.4
47.296, 13.4702, 36.6257, 64744.9
20.7916, 27.4508, 1.56313, 67148.2
27.9323, 19.7123, 18.6243, 50426.7
46.5416, 15.4117, 38.5804, 64388
27.8343, 31.643, 7.94789, 59468.8
46.2063, 10.0877, 52.6376, 77755.4
31.1802, 21.345, 21.663, 49709.3
29.078, 32.5585, 12.6328, 56833.7
40.0121, 20.17, 33.2975, 55839.1
37.7838, 12.4387, 57.9631, 80686.1
25.5275, 10.3556, -0.993031, 73501.7
30.3188, 7.90742, 49.7564, 70434
25.4808, 6.85749, 48.9251, 71988.3
23.6698, 14.5972, 12.7767, 57543.8
13.469, 29.4528, -17.1066, 102965
25.5604, 5.82484, 50.2408, 74362
43.0701, 10.4549, 59.8053, 86885.2
25.0148, 18.6158, 13.2258, 53431.4
32.0323, 31.5898, 13.3701, 55651.4
32.0057, 7.62801, 53.4337, 75202.6
